"","phylum","countgroup","taxon","reads_avg_seq","reads_total_n","perc_reads_human","n_contigs","largest_contig","total_length","GC_perc","N50","N75","L50","L75","busco_perc_C","busco_perc_S","busco_perc_D","busco_perc_F","busco_perc_M","mapped_bases","genome_size_est","co1_length","co1_Class","co1_Order","co1_Species"
"1","Arthropoda","Astigmata","Tyrophagus putrescentiae",124.7,1408075,20.91,449,2134,298800,42.22,623,553,179,307,0,0,0,0,100,19686921,19686921,NA,NA,NA,NA
"2","Arthropoda","Astigmata","Tyrophagus putrescentiae",114.15,3817158,32.33,2978,5173,2159117,42.78,686,570,1096,1963,0.1,0.1,0,0.1,99.8,52218229,52218229,441,"Arachnida","Sarcoptiformes","Tyrophagus putrescentiae"
"3","Arthropoda","Astigmata","Tyrophagus putrescentiae",126.89,6435716,0.94,41125,25890,76381167,46.3,2502,1401,8955,19177,77.7,76.3,1.4,6.7,15.6,777627926,129604654.3,664,"Arachnida","Sarcoptiformes","Tyrophagus putrescentiae"
"4","Arthropoda","Astigmata","Tyrophagus putrescentiae",129.08,10061158,0.79,18376,100676,82696430,45.8,8884,3979,2441,5943,91.3,88.9,2.4,2,6.7,1227972733,111633884.8,665,"Aves","Galliformes","Gallus gallus"
"5","Arthropoda","Astigmata","Tyrophagus putrescentiae",132.25,2919800,2.04,42109,14181,38371866,49.47,933,680,13476,25619,38.5,37.6,0.9,12.6,48.9,326347514,163173757,664,"Arachnida","Sarcoptiformes","Tyrophagus putrescentiae"
"6","Arthropoda","Chilopoda","Lithobius calcaratus",143.73,76143957,0.23,452229,49167,398249148,41.27,881,643,141581,275039,1.2,1,0.2,2.2,96.6,9419214334,4709607167,681,"Chilopoda","Lithobiomorpha","Lithobius calcaratus"
"7","Arthropoda","Chilopoda","Cryptops parisi",144.76,71715095,1.26,45262,184042,321085688,34.41,15344,6816,5489,13354,86.5,85.7,0.8,5.9,7.6,NA,NA,682,"Chilopoda","Scolopendromorpha","Cryptops parisi"
"8","Arthropoda","Chilopoda","Pachymerium ferrugineum",146.45,69382913,0.17,20866,419682,131602344,34.62,28783,8169,1078,3245,91.1,89.4,1.7,2.7,6.2,NA,NA,681,"Insecta","Diptera","Drosophila petalopeza"
"9","Arthropoda","Chilopoda","Strigamia acuminata",145.74,71993768,0.52,26184,308734,125913032,36.82,11095,4569,2395,6889,87,85.3,1.7,5.8,7.2,NA,NA,685,"Chilopoda","Geophilomorpha","Strigamia acuminata"
"10","Arthropoda","Chilopoda","Strigamia transsilvanica",146.76,67014476,0.31,29123,241265,148671165,37.27,13030,5140,2669,7271,87.1,84.9,2.2,3.7,9.2,NA,NA,686,"Chilopoda","Geophilomorpha","Strigamia crassipes"
"11","Arthropoda","Chilopoda","Haplophilus subterraneus",146.9,71681590,0.29,69836,258840,161054304,34.57,4110,1669,8289,23920,70.6,69.6,1,18.4,11,NA,NA,671,"Chilopoda","Geophilomorpha","Stigmatogaster subterranea"
"12","Arthropoda","Chilopoda","Henia vesuviana",145.95,69288056,0.22,87224,525794,198389748,35.71,4136,1630,9845,29436,87.3,86.6,0.7,5.9,6.8,NA,NA,687,"Chilopoda","Geophilomorpha","Geophilus proximus"
"13","Arthropoda","Chilopoda","Lithobius forficatus",146.1,71644796,0.39,511088,34266,683924589,40.12,1568,992,131645,269593,13,12.8,0.2,30.9,56.1,NA,NA,661,"Chilopoda","Lithobiomorpha","Lithobius forficatus"
"14","Arthropoda","Chilopoda","Lithobius microps",145.22,67114096,0.86,525464,51930,626140670,39.76,1333,886,142859,287845,11.8,11.6,0.2,26.6,61.6,NA,NA,659,"Chilopoda","Lithobiomorpha","Lithobius microps"
"15","Arthropoda","Chilopoda","Lithobius nodulipes",145.99,65214388,0.25,552208,31180,557635395,39.41,1065,737,162469,319671,3.7,3.6,0.1,8.8,87.5,NA,NA,683,"Chilopoda","Lithobiomorpha","Lithobius nodulipes"
"16","Arthropoda","Chilopoda","Lithobius agilis",145.48,64558630,0.2,567561,56142,720870342,39.18,1450,950,154464,308905,8.7,8.3,0.4,12.6,78.7,NA,NA,687,"Chilopoda","Lithobiomorpha","Lithobius agilis"
"17","Arthropoda","Chilopoda","Lithobius crassipesoides",144.37,69099023,0.51,429524,33600,486415499,39.34,1241,850,121589,240728,3.9,3.9,0,12.4,83.7,NA,NA,681,"Chilopoda","Lithobiomorpha","Lithobius microps"
"18","Arthropoda","Chilopoda","Lithobius crassipes",143.86,69932822,0.37,406080,38019,582835778,39.8,1706,1061,101932,211184,13.4,13.2,0.2,30.8,55.8,NA,NA,681,"Chilopoda","Lithobiomorpha","Lithobius crassipes"
"19","Arthropoda","Chilopoda","Stenotaenia linearis",146.61,69013805,1.13,44530,292767,158457551,35.56,8434,3071,3637,11641,83.3,81.4,1.9,7.3,9.4,NA,NA,681,"Chilopoda","Geophilomorpha","Stenotaenia linearis"
"20","Arthropoda","Chilopoda","Geophilus carpophagus",147.18,72867221,0.28,41003,194160,155172134,31.69,8146,3324,4329,11901,89.4,86.5,2.9,4.1,6.5,NA,NA,681,"Chilopoda","Geophilomorpha","Geophilus carpophagus"
"21","Arthropoda","Chilopoda","Schendyla nemorensis",116.79,29979909,2.87,200900,24089,181198280,37.14,927,678,65364,122752,9.1,8.8,0.3,31.1,59.8,NA,NA,681,"Chilopoda","Geophilomorpha","Schendyla nemorensis"
"22","Arthropoda","Chilopoda","Geophilus flavus",115.24,26967831,0.74,135070,31223,155570626,35.58,1283,844,37333,74903,31.6,31.4,0.2,38.6,29.8,NA,NA,511,"Chilopoda","Geophilomorpha","Geophilus flavus"
"23","Arthropoda","Chilopoda","Geophilus flavus",132.24,81645865,0.43,62842,141866,193592670,35.4,5835,2406,8026,21156,76.9,76.1,0.8,13.9,9.2,NA,NA,682,"Chilopoda","Geophilomorpha","Geophilus flavus"
"24","Arthropoda","Chilopoda","Schendyla nemorensis",130.67,90958821,0.43,117526,24403,176188876,36.24,1896,1051,25556,57289,18.3,18,0.3,33.3,48.4,11006481347,2751620337,681,"Chilopoda","Geophilomorpha","Schendyla nemorensis"
"25","Arthropoda","Chilopoda","Lithobius mutabilis",122.62,86767242,0.93,236754,54052,225161132,42.27,956,671,67677,138399,4.2,4.1,0.1,8.1,87.7,NA,NA,666,"Chilopoda","Lithobiomorpha","Lithobius mutabilis"
"26","Arthropoda","Chilopoda","Strigamia crassipes",143.26,74741731,0.39,25216,372919,146550795,36.5,13894,5613,2252,6479,86.5,84.8,1.7,6.5,7,10240399763,0,659,"Chilopoda","Geophilomorpha","Geophilus proximus"
"27","Arthropoda","Chilopoda","Strigamia crassipes",143.92,70340720,0.27,49858,263852,160339314,36.36,6301,2633,5588,15547,80.7,79.2,1.5,10,9.3,9726363365,0,681,"Chilopoda","Geophilomorpha","Geophilus flavus"
"28","Arthropoda","Chilopoda","Strigamia crassipes",145.85,68451122,0.44,42448,313983,158517403,37.11,7438,3123,4339,12682,80.2,78.7,1.5,10.1,9.7,9592699591,0,681,"Chilopoda","Geophilomorpha","Strigamia acuminata"
"29","Arthropoda","Chilopoda","Strigamia acuminata",145.05,67098073,0.81,29090,222092,144361465,36.91,11682,4791,2899,7767,86.1,84.4,1.7,4.7,9.2,9233820238,0,681,"Chilopoda","Geophilomorpha","Strigamia acuminata"
"30","Arthropoda","Chilopoda","Strigamia acuminata",146.23,79743592,0.27,74742,84966,154459841,36.71,3303,1504,11418,28914,72.6,71.6,1,17.5,9.9,11158526426,0,681,"Chilopoda","Geophilomorpha","Strigamia acuminata"
"31","Arthropoda","Chilopoda","Strigamia transsilvanica",145.28,69068725,0.2,95808,87502,179742881,37.71,2848,1319,15407,38839,60,58.6,1.4,24.6,15.4,9749184232,0,685,"Chilopoda","Geophilomorpha","Strigamia transsilvanica"
"32","Arthropoda","Chilopoda","Strigamia transsilvanica",145.79,69678444,0.52,50632,98804,131341085,37.12,4711,2045,6808,17405,75.6,74.6,1,13.7,10.7,9780677814,9780677814,492,"Chromadorea","Rhabditida","Pristionchus lheritieri"
"33","Arthropoda","Chilopoda","Geophilus truncorum",146.81,65897647,1.29,27882,158736,142967170,34.44,13504,5380,2683,6895,92.1,90.7,1.4,4,3.9,6405851436,194116710.2,683,"Chilopoda","Geophilomorpha","Strigamia acuminata"
"34","Arthropoda","Collembola","Podura aquatica",119.61,2264220,2.62,12943,16010,9139416,28.61,674,570,4934,8644,0,0,0,0.1,99.9,179462680,89731340,674,"Collembola","Poduromorpha","Podura aquatica"
"35","Arthropoda","Collembola","Folsomia fimetaria",127.97,2118627,0.22,23527,14771,18829040,37.24,762,600,7867,14892,0.6,0.6,0,1,98.4,192788221,96394110.5,491,"Collembola","Entomobryomorpha","Folsomia fimetaria L1"
"36","Arthropoda","Collembola","Pseudisotoma sensibilis",102.49,1982642,1.84,2162,4108,1758634,33.67,796,612,728,1362,0,0,0,0.1,99.9,168498683,168498683,337,"Collembola","Entomobryomorpha","uncultured eukaryote"
"37","Arthropoda","Collembola","Podura aquatica",107.28,4446537,4.58,18969,16118,13469780,29.33,680,572,7224,12654,0.1,0.1,0,0.1,99.8,352980107,176490053.5,674,"Collembola","Poduromorpha","Podura aquatica"
"38","Arthropoda","Collembola","Podura aquatica",109.11,4323966,5.93,20373,16119,14519906,29.33,683,573,7738,13571,0,0,0,0.3,99.7,341543471,170771735.5,674,"Collembola","Poduromorpha","Podura aquatica"
"39","Arthropoda","Collembola","Folsomia fimetaria",111.07,2164960,0.28,11933,8971,8414342,38.36,670,566,4531,7969,0.1,0.1,0,0.9,99,139974695,69987347.5,683,"Collembola","Entomobryomorpha","Folsomia fimetaria L1"
"40","Arthropoda","Collembola","Folsomia fimetaria",111.02,1130872,4.2,3449,10104,2314749,38.94,632,551,1357,2343,0,0,0,0.2,99.8,53773574,26886787,685,"Collembola","Entomobryomorpha","Folsomia fimetaria L1"
"41","Arthropoda","Collembola","Pseudisotoma sensibilis",106.74,3978833,1.93,19732,15321,13631388,34.2,660,564,7685,13295,0.1,0.1,0,0.5,99.4,272985432,136492716,674,"Collembola","Entomobryomorpha","Vertagopus arboreus"
"42","Arthropoda","Collembola","Pseudisotoma sensibilis",111.98,4061995,3.33,22023,8186,16542605,33.03,720,585,7924,14347,0.3,0.3,0,0.6,99.1,316454218,158227109,579,"Collembola","Entomobryomorpha","Isotomidae sp. DPCOL101069"
"43","Arthropoda","Collembola","Deuterosminthurus bicinctus",147.71,70757305,0.29,77250,472600,233739476,40.82,7246,2573,6479,20145,80.5,79.5,1,10.1,9.4,NA,NA,682,"Collembola","Symphypleona","Deuterosminthurus bicinctus"
"44","Arthropoda","Collembola","Deuterosminthurus bicinctus",147.68,67612904,0.29,77101,288033,229937048,40.87,6501,2430,7372,22095,79.9,77.7,2.2,10.2,9.9,NA,NA,664,"Pilidiophora","Heteronemertea","Carinoma sp. BOLD:ACM5178"
"45","Arthropoda","Collembola","Isotomurus unifasciatus",147.32,71980238,0.49,111412,48488,162493100,39.47,2163,907,17742,47564,45.3,44.8,0.5,28.2,26.5,NA,NA,681,"Collembola","Entomobryomorpha","Isotomurus palustris"
"46","Arthropoda","Collembola","Isotomurus pseudopalustris",146.21,70241763,0.05,49437,196207,155314832,38.89,6990,2641,5125,14285,89.7,88.9,0.8,4,6.3,NA,NA,465,"Collembola","Entomobryomorpha","Isotomurus palustris"
"47","Arthropoda","Collembola","Isotoma caerulea",146.27,68988742,0.32,124309,147393,233472586,33.2,2865,1324,19691,50042,78.7,77.8,0.9,13,8.3,9872665540,519613975.8,600,"Collembola","Entomobryomorpha","Isotoma anglicana"
"48","Arthropoda","Collembola","Lepidocyrtus paradoxus",147.88,69848054,0.05,98388,261192,203139002,37.37,3284,1357,9767,34795,72.5,70.6,1.9,16,11.5,NA,NA,678,"Collembola","Entomobryomorpha","Lepidocyrtus paradoxus"
"49","Arthropoda","Collembola","Orchesella flavescens",148.04,69764158,0.04,74419,346656,241752782,35.79,7606,2720,6324,19842,84.6,80.4,4.2,7.7,7.7,NA,NA,479,"Collembola","Entomobryomorpha","Heteromurus nitidus"
"50","Arthropoda","Collembola","Orchesella bifasciata",147.31,70089366,0.06,89772,348138,262139786,36.89,6416,2298,8814,26363,78.8,75.1,3.7,11.3,9.9,NA,NA,681,"Collembola","Entomobryomorpha","Orchesella bifasciata"
"51","Arthropoda","Collembola","Allacma fusca",147.22,71134135,0.35,53265,501303,320331694,36.74,17617,6140,3826,11755,90.8,89.8,1,3.3,5.9,NA,NA,687,"Collembola","Entomobryomorpha","Entomobryomorpha sp. BOLD:ACF5993"
"52","Arthropoda","Collembola","Dicyrtoma fusca",147.32,69027130,0.31,83133,227454,367919098,36.53,10837,4244,7965,21591,86,85,1,7.4,6.6,9948714340,473748301.9,674,"Collembola","Entomobryomorpha","Entomobrya comparata"
"53","Arthropoda","Collembola","Dicyrtomina minuta",147.49,72144948,0.96,182838,163780,489053436,34.83,4823,2098,23943,62641,81.2,80.3,0.9,10,8.8,NA,NA,684,"Collembola","Symphypleona","Dicyrtomina minuta"
"54","Arthropoda","Collembola","Entomobrya muscorum",148.04,91366446,0.01,134627,63066,279862278,35.38,3019,1568,26175,58349,57.9,57.4,0.5,22.1,20,NA,NA,601,"Collembola","Entomobryomorpha","uncultured eukaryote"
"55","Arthropoda","Collembola","Ceratophysella granulata",147.78,64987508,0.18,77030,91823,205104177,37.96,5165,2124,10022,25596,82.5,81.7,0.8,9.1,8.4,9227856791,0,683,"Collembola","Poduromorpha","Gomphiocephalus hodgsoni"
"56","Arthropoda","Collembola","Anurida granaria",146.5,69975157,0.3,47967,102809,132707328,40.58,5289,2238,5992,15690,85.9,84.6,1.3,4.9,9.2,9642838882,9642838882,681,"Collembola","Poduromorpha","Anurida granaria"
"57","Arthropoda","Collembola","Isotomurus graminis",147.22,71295993,0.17,46519,124569,150489572,39.43,7650,2935,4733,12657,80.1,79.1,1,10.7,9.2,NA,NA,681,"Collembola","Entomobryomorpha","Isotomidae sp. BOLD:ADW3436"
"58","Arthropoda","Collembola","Folsomia inoculata",146.95,69832018,1.47,90447,87332,165769473,37.29,2814,1281,14440,36584,74.7,74.4,0.3,13.5,11.8,NA,NA,684,"Collembola","Entomobryomorpha","Isotomidae sp. DPCOL28796"
"59","Arthropoda","Collembola","Folsomia inoculata",146.57,74506441,1.07,81583,71697,164633723,37.37,3346,1446,12013,31063,80.9,80.6,0.3,9.7,9.4,NA,NA,561,"Collembola","Entomobryomorpha","Isotomidae sp. DPCOL28796"
"60","Arthropoda","Collembola","Sminthurinus aureus",147.46,72031644,30.23,50090,135257,302314595,34,15023,6149,5193,13065,86.5,85.3,1.2,6.5,7,NA,NA,683,"Collembola","Symphypleona","Sminthurinus bimaculatus"
"61","Arthropoda","Collembola","Gisinianus flammeolus",147.98,66048118,0.98,23648,279280,213903219,35.94,31668,12195,1722,4483,92.8,91.6,1.2,1.9,5.3,NA,NA,681,"Collembola","Symphypleona","Gisinianus flammeolus"
"62","Arthropoda","Collembola","Pseudosinella alba",147.5,68823257,0.67,183287,280691,334623379,37.94,2575,1246,28262,75809,61.7,58.1,3.6,23.6,14.7,9281492502,580093281.4,662,"Collembola","Entomobryomorpha","Entomobrya atrocincta"
"63","Arthropoda","Collembola","Bilobella braunerae",145.8,63706425,0.07,135066,179693,310704205,36.27,4093,1699,18350,48255,59,56.6,2.4,21.7,19.3,NA,NA,666,"Collembola","Poduromorpha","Neanuridae sp. DPCOL62549"
"64","Arthropoda","Collembola","Vertagopus arboreus",147.17,75449882,0.17,107697,159467,199953470,33.06,2811,1263,15360,42478,65.4,64.3,1.1,20.8,13.8,10713342661,465797507,674,"Collembola","Entomobryomorpha","Isotoma viridis"
"65","Arthropoda","Collembola","Hypogastrura burkilli",146.14,73957970,0.12,94831,263976,215996494,40.84,4070,1623,10880,32414,72.8,71.8,1,12.8,14.4,NA,NA,455,"Collembola","Poduromorpha","uncultured eukaryote"
"66","Arthropoda","Collembola","Lipothrix lubbocki",148.24,70220202,0.5,43032,540016,277320466,34.68,20249,6548,2544,8874,91,89.4,1.6,2.5,6.5,9029596303,4514798152,678,"Collembola","Entomobryomorpha","Homidia socia"
"67","Arthropoda","Collembola","Entomobrya nicoleti",146.67,70318182,0.07,124986,130324,330647988,34.36,5430,2000,13611,39274,75.1,73,2.1,14.9,10,10126955601,675130373.4,681,"Collembola","Entomobryomorpha","Entomobryidae sp. DPCOL68945"
"68","Arthropoda","Collembola","Pogonognathellus flavescens",147.93,67235167,0.05,75260,333093,311296792,33.98,10199,3927,7042,19430,83.3,81.4,1.9,9.1,7.6,NA,NA,680,"Collembola","Entomobryomorpha","Tomocerus sp. SA-2013"
"69","Arthropoda","Collembola","Isotoma viridis",146.7,69732018,0.08,135028,299602,267121495,32.24,3120,1347,16706,50088,64.8,62.9,1.9,21.2,14,10033397501,477780833.4,681,"Collembola","Entomobryomorpha","Isotoma viridis"
"70","Arthropoda","Collembola","Dicyrtomina saundersi",147.2,68075650,0.69,214288,201186,506134237,34.72,3846,1808,32953,81200,80.3,79.3,1,9.8,9.9,NA,NA,686,"Collembola","Symphypleona","Dicyrtomina ornata"
"71","Arthropoda","Collembola","Lepidocyrtus cyaneus",146.5,67372291,0.13,162755,77166,255310856,38.19,2076,1067,29726,73276,63.4,61.6,1.8,22,14.6,9315437021,547966883.6,675,"Collembola","Entomobryomorpha","Lepidocyrtus cyaneus"
"72","Arthropoda","Collembola","Willowsia buski",147.16,65072028,0.06,111421,185866,322401694,35.43,5835,2382,13458,35248,83.4,82,1.4,8.9,7.7,9323999434,517999968.6,682,"Collembola","Entomobryomorpha","Willowsia buskii"
"73","Arthropoda","Collembola","Willowsia nigromaculata",147.38,81983464,0.14,57622,238223,335741602,35.58,14199,5549,5424,15036,88.6,87.2,1.4,5.3,6.1,NA,NA,680,"Collembola","Entomobryomorpha","Paronellidae sp. DPCOL76388"
"74","Arthropoda","Collembola","Paratullbergia callipygos",147.45,71947179,0.12,176417,35444,260476162,39.11,1927,1049,38108,84134,36.9,30.7,6.2,33.7,29.4,NA,NA,505,"Collembola","Poduromorpha","uncultured eukaryote"
"75","Arthropoda","Collembola","Protaphorura quadriocellata",147.24,72320211,0.16,186330,124906,392061562,37.37,3395,1546,28152,71474,72.4,71.5,0.9,15.1,12.5,10362717399,0,378,"Collembola","Poduromorpha","uncultured metazoan"
"76","Arthropoda","Collembola","Protaphorura quadriocellata",147.65,70610404,0.1,174513,123117,392824805,37.38,3782,1667,24345,63985,73.6,72.1,1.5,13.7,12.7,NA,NA,651,"Collembola","Poduromorpha","Protaphorura armata"
"77","Arthropoda","Collembola","Protaphorura armata",147.97,69577380,0.09,191485,149262,346765916,36.77,2643,1266,31703,79685,46.7,41.8,4.9,30.2,23.1,NA,NA,682,"Collembola","Poduromorpha","Protaphorura sp. SA-2013"
"78","Arthropoda","Collembola","Collembola",147.81,69229418,0.06,89519,187138,275245309,34.14,6558,2523,9725,26855,83.8,82.5,1.3,9,7.2,NA,NA,680,"Collembola","Entomobryomorpha","Entomobrya multifasciata"
"79","Arthropoda","Collembola","Collembola",147.85,64205957,0.11,128363,126889,301025675,35.74,4160,1733,16728,45264,80.4,78.5,1.9,11.5,8.1,NA,NA,683,"Collembola","Entomobryomorpha","Homidia sinensis"
"80","Arthropoda","Collembola","Agrenia bidenticulata",147.12,73868048,0.06,101706,412229,411396600,30.95,10359,3285,7763,26158,93.3,92.3,1,1.3,5.4,NA,NA,679,"Collembola","Entomobryomorpha","Homidia sp. 1 FZ-2014"
"81","Arthropoda","Collembola","Isotomurus maculatus",147.69,69956010,0.04,71490,232738,177476601,39.34,4727,1874,8269,23409,74.4,73.3,1.1,13.4,12.2,NA,NA,681,"Collembola","Entomobryomorpha","Isotomurus cf. palustris MM-2005"
"82","Arthropoda","Collembola","Hypogastrura burkilli",146.83,72867816,0.05,77940,249384,216033958,40.79,5253,2202,9277,25316,75,73.9,1.1,11.3,13.7,NA,NA,682,"Collembola","Poduromorpha","Hypogastrura burkilli"
"83","Arthropoda","Collembola","Isotoma decorata",144.89,70249795,0.1,165933,203684,314863068,33.83,2860,1326,24754,65694,62,58.7,3.3,21.4,16.6,NA,NA,684,"Collembola","Entomobryomorpha","Entomobrya clitellaria"
"84","Arthropoda","Collembola","Folsomia penicula",139.54,8000787,0.34,58186,33253,117331710,39.64,2748,1538,12480,26742,65.8,65.7,0.1,17,17.2,1048158785,209631757,653,"Collembola","Entomobryomorpha","Folsomia quadrioculata"
"85","Arthropoda","Collembola","Folsomia penicula",122.28,9851738,5.3,6769,15175,4200560,43.12,584,533,2842,4731,0.1,0.1,0,1,98.9,431582602,431582602,682,"Collembola","Entomobryomorpha","Folsomia quadrioculata"
"86","Arthropoda","Collembola","Folsomia penicula",128.92,13472687,0.34,55023,53997,125546130,39.47,3381,1808,10813,23479,67.7,67.5,0.2,17.4,14.9,1577195694,262865949,682,"Collembola","Entomobryomorpha","Folsomia quadrioculata"
"87","Arthropoda","Collembola","Ceratophysella denticulata",137.05,42683288,15.53,56560,71175,184963726,39.98,6743,2883,7050,17611,78.3,77,1.3,11.6,10.1,3116114737,3116114737,681,"Collembola","Poduromorpha","Ceratophysella denticulata"
"88","Arthropoda","Collembola","Isotomiella minor",137.14,21627596,6.7,35974,79999,137611220,40.86,8266,3279,4223,10906,91.8,90.9,0.9,3.2,5,2146647618,2146647618,680,"Collembola","Entomobryomorpha","Isotomiella minor"
"89","Arthropoda","Collembola","Isotomurus plumosus",132.61,19915649,10.95,66104,83885,109364214,38.41,2091,1206,14660,31943,59.3,59,0.3,21.8,18.9,1776240837,444060209.3,673,"Collembola","Entomobryomorpha","Isotoma viridis"
"90","Arthropoda","Collembola","Mesaphorura macrochaeta",125.23,3509763,17.05,301,4086,204830,56.06,630,550,116,204,NA,NA,NA,NA,NA,28471746,14235873,237,"Chilopoda","Lithobiomorpha","uncultured eukaryote"
"91","Arthropoda","Collembola","Parisotoma notabilis",140.02,28927399,1.08,107411,47248,182710377,44.06,2356,1210,20828,48096,60.8,57.3,3.5,22,17.2,3790011686,315834307.2,679,"Collembola","Poduromorpha","Mesaphorura macrochaeta"
"92","Arthropoda","Collembola","Isotoma viridis",118.38,28206556,0.5,75300,49800,198871241,32.43,4407,2022,12139,28948,67.5,67.1,0.4,17.3,15.2,NA,NA,685,"Collembola","Entomobryomorpha","Isotoma viridis"
"93","Arthropoda","Collembola","Heteromurus nitidus",128.69,42756270,0.46,36243,303373,211418206,38.54,18662,6056,2339,7437,90.9,90.2,0.7,3.2,5.9,NA,NA,671,"Collembola","Entomobryomorpha","Heteromurus nitidus"
"94","Arthropoda","Collembola","Isotomurus unifasciatus",102.44,23219514,3.04,90265,18371,126119791,38.91,1695,1031,22901,46802,38.5,38.4,0.1,32.6,28.9,NA,NA,681,"Collembola","Entomobryomorpha","Isotomurus palustris"
"95","Arthropoda","Collembola","Proisotoma minuta",125.91,23660902,0.51,19548,188917,116726678,34.56,16170,5510,1731,4854,92.1,91.1,1,2.1,5.8,NA,NA,675,"Collembola","Entomobryomorpha","Folsomia bisetosa"
"96","Arthropoda","Collembola","Protaphorura fimata",131.12,32324995,0.28,92269,30218,93173859,36.42,1068,744,27720,53973,10.8,10.8,0,30.7,58.5,NA,NA,682,"Collembola","Poduromorpha","Protaphorura fimata"
"97","Arthropoda","Collembola","Protaphorura tricampata",124.31,36915503,21.87,84522,116667,225014258,36.76,4323,1978,12679,32201,76.1,75.5,0.6,13,10.9,NA,NA,682,"Collembola","Poduromorpha","Protaphorura janosik"
"98","Arthropoda","Collembola","Lepidocyrtus violaceus",121.09,29324115,0.5,51792,49631,202770814,37.97,6505,3416,9242,19942,85.3,84.5,0.8,7.5,7.2,NA,NA,676,"Collembola","Entomobryomorpha","Lepidocyrtus cyaneus"
"99","Arthropoda","Collembola","Sinella curviseta",119.31,19985554,0.49,215388,32228,231200925,36.76,1166,799,64064,124159,21.1,21,0.1,41.2,37.7,NA,NA,681,"Collembola","Entomobryomorpha","Homidia cf. laha 4370"
"100","Arthropoda","Collembola","Tetrodontophora bielanensis",122.95,34034990,2.19,153034,39849,159168272,32.22,1081,735,41929,86870,3.7,3.7,0,13.1,83.2,NA,NA,682,"Collembola","Poduromorpha","Tetrodontophora bielanensis"
"101","Arthropoda","Collembola","Thalassaphorura encarpata",131.19,30567674,0.28,61373,144612,211630476,36.74,7117,2656,6700,19185,88.6,87.2,1.4,5.1,6.3,NA,NA,682,"Collembola","Poduromorpha","Thalassaphorura sp. YB-2013"
"102","Arthropoda","Collembola","Tomocerus minor",126.03,20028915,0.29,95944,71518,202725402,35.08,3692,1409,12130,35436,64.9,64.4,0.5,19.5,15.6,NA,NA,680,"Collembola","Entomobryomorpha","Tomocerus minor"
"103","Arthropoda","Collembola","Isotoma viridis",131.59,53195587,9.04,74833,65815,217712265,32.31,5775,2434,10017,24427,78,77,1,11,11,NA,NA,602,"Collembola","Entomobryomorpha","Entomobryomorpha sp. 1 SF-2017"
"104","Arthropoda","Collembola","Protaphorura tricampata",131.31,61391809,36.62,142174,32363,246139756,36.76,2377,1231,27563,63885,59.4,58.8,0.6,23.2,17.4,NA,NA,682,"Collembola","Poduromorpha","Protaphorura janosik"
"105","Arthropoda","Collembola","Ceratophysella denticulata",134.32,70421522,0.59,89135,91750,207418685,39.06,4354,1688,10411,30120,71.1,69.9,1.2,17.8,11.1,9105141195,505841177.5,682,"Collembola","Poduromorpha","Ceratophysella denticulata"
"106","Arthropoda","Collembola","Isotomiella minor",129.49,54694968,1.79,74315,208804,155004536,36.3,3360,1532,11136,28336,81.4,80.6,0.8,10,8.6,NA,NA,503,"Collembola","Entomobryomorpha","Folsomia fimetaria L1"
"107","Arthropoda","Collembola","Mesaphorura macrochaeta",111.78,15647695,40.67,1604,10461,1222518,47.12,710,576,551,1034,NA,NA,NA,NA,NA,NA,NA,481,"Collembola","Poduromorpha","Ceratophysella aff. denticulata L3"
"108","Arthropoda","Collembola","Parisotoma notabilis",131.55,44444279,1.09,124024,40847,180669585,34.05,1860,1007,25653,58969,47.1,44.4,2.7,32.1,20.8,NA,NA,682,"Collembola","Entomobryomorpha","Parisotoma aff. notabilis L0"
"109","Arthropoda","Collembola","Neelus murinus",115.5,11664868,49.86,568,3018,384606,53.74,636,556,224,386,0,0,0,0,100,NA,NA,237,"Chilopoda","Lithobiomorpha","uncultured eukaryote"
"110","Arthropoda","Collembola","Sminthurinus elegans",133.67,64707621,0.64,223680,103258,363340845,33.37,2216,1140,42801,100367,63.6,63.3,0.3,22.6,13.8,8396694258,699724521.5,686,"Collembola","Symphypleona","Sminthurinus elegans"
"111","Arthropoda","Collembola","Disparrhopalites patrizii",132.55,63014904,1.61,48504,224531,300342530,37.5,15657,6578,4915,12285,90.9,88.9,2,3.2,5.9,NA,NA,691,"Insecta","Lepidoptera","Mortoniella denticulata"
"112","Arthropoda","Collembola","Sminthurinus bimaculatus",130.76,50394111,1.01,130710,121534,351161845,33.6,7950,2391,10708,30591,85.5,83.7,1.8,6.4,8.1,6020227679,3010113840,682,"Collembola","Symphypleona","Sminthurinus bimaculatus"
"113","Arthropoda","Collembola","Folsomia fimetaria",146.34,96225899,0.17,72726,254779,157463041,36.22,3540,1523,9112,26429,77.9,77.1,0.8,11.1,11,13774106357,335953813.6,NA,NA,NA,NA
"114","Arthropoda","Collembola","Folsomia fimetaria",146.36,80046414,0.15,70497,238672,154536044,36.24,3645,1520,8015,24888,78.4,77.5,0.9,12.5,9.1,11319364499,332922485.3,NA,NA,NA,NA
"115","Arthropoda","Collembola","Deuterosminthurus bicinctus",147.77,83950245,0.33,64234,451171,214447873,40.74,8459,2682,4172,15855,74.4,72.7,1.7,14,11.6,11992374763,333121521.2,NA,NA,NA,NA
"116","Arthropoda","Collembola","Deuterosminthurus bicinctus f. flava",147.58,80168442,0.2,76456,320657,217941372,40.71,5979,2226,7733,22910,72.6,71,1.6,14.2,13.2,11528699607,411739271.7,NA,NA,NA,NA
"117","Arthropoda","Collembola","Sphaeridia pumilis",147,88378376,0.31,45596,205313,224082623,41.73,12710,4625,4280,11625,94.2,30.5,63.7,2.3,3.5,NA,NA,NA,NA,NA,NA
"118","Arthropoda","Collembola","Sminthurinus signatus",148.14,82693560,0.11,61151,196132,305379873,33.37,14780,4678,4738,14081,90,88.5,1.5,3.7,6.3,6091011505,380688219.1,686,"Collembola","Symphypleona","Sminthurinus elegans"
"119","Arthropoda","Collembola","Spatulosminthurus flaviceps",148.01,75173715,0.1,81301,321936,328229926,35.93,9674,3511,7046,21472,87.9,86.9,1,5.1,7,10823565360,373226391.7,678,"Collembola","Symphypleona","Bourletiella sp. BOLD:ACO4150"
"120","Arthropoda","Collembola","Bourletiella hortensis",148.22,69911841,0.12,109182,106713,230134105,39.39,3425,1538,16672,41987,81.5,79.4,2.1,8.4,10.1,9887699382,494384969.1,618,"Collembola","Symphypleona","Bourletiellidae sp. BIOUG13864-E11"
"121","Arthropoda","Collembola","Folsomia candida",147.67,72930301,0.07,21196,356159,200799618,37.42,24629,10576,2044,5180,94.7,93.7,1,2.4,2.9,10581041113,10581041113,682,"Collembola","Entomobryomorpha","Folsomia quadrioculata"
"122","Arthropoda","Collembola","Sminthurides aquaticus",147,79715446,0.12,10738,452997,150582592,40.26,74181,30275,554,1344,89.5,88.2,1.3,1.7,8.8,10309062725,5154531363,666,"Collembola","Entomobryomorpha","Homidia socia"
"123","Arthropoda","Collembola","Isotoma anglicana",146.99,69330671,0.33,144986,136347,236597628,33.17,2261,1128,26814,64308,69.5,68.5,1,17.3,13.2,9955811765,0,679,"Collembola","Entomobryomorpha","Isotoma anglicana"
"124","Arthropoda","Collembola","Orthonychiurus folsomi",145.71,65157490,0.28,47909,212635,146302907,39.37,6109,2591,5895,15149,85.7,85,0.7,6.6,7.7,7888878056,0,572,"Collembola","Poduromorpha","Protaphorura janosik"
"125","Arthropoda","Collembola","Arrhopalites principalis (grp)",145.03,66891682,0.9,14657,310405,178163809,33.48,35380,15237,1366,3290,92,90.3,1.7,2.6,5.4,8567308521,208958744.4,690,"Collembola","Symphypleona","Symphypleona sp. BOLD:ACB2244"
"126","Arthropoda","Collembola","Entomobrya Typ multifasciata",145.65,69442332,0.21,57924,152736,331944770,34.45,13876,5783,6142,15371,92.2,90.6,1.6,3.3,4.5,8981458811,528321106.5,556,"Collembola","Entomobryomorpha","Entomobrya multifasciata"
"127","Arthropoda","Collembola","Ceratophysella sigillata",146.43,66840241,0.19,121386,200883,207008106,38.49,2325,1103,17316,50467,69,67,2,17,14,9386438888,446973280.4,686,"Collembola","Poduromorpha","Hypogastruridae sp. BOLD:AAI2334"
"128","Arthropoda","Collembola","Ceratophysella scotica",147.2,72421176,0.1,147110,132607,271479524,38.36,2648,1286,24473,61966,64.6,62.9,1.7,19.8,15.6,10387074990,611004411.2,584,"Collembola","Entomobryomorpha","Lepidocyrtus lanuginosus"
"129","Arthropoda","Collembola","Orchesella cincta",146.28,99169309,0.07,186268,102181,402532989,36.52,3776,1499,23125,66983,53.1,30.2,22.9,27.7,19.2,14285301825,649331901.1,681,"Collembola","Entomobryomorpha","Coecobrya phanthuratensis"
"130","Arthropoda","Collembola","Pogonognathellus longicornis",147.36,89586484,0.03,59177,229075,324835233,34.16,13615,5414,5727,15282,90.1,88.3,1.8,4.3,5.6,12947156449,392338074.2,684,"Collembola","Entomobryomorpha","Pogonognathellus longicornis"
"131","Arthropoda","Collembola","Tomocerus mixtus",147.8,75215381,0.11,41872,296328,277624453,33.78,19794,8210,3769,9162,90,88.4,1.6,4.8,5.2,10756062579,336126955.6,686,"Collembola","Entomobryomorpha","Tomocerinae sp. CONAB774-10"
"132","Arthropoda","Collembola","Supraphorura furcifera",146.68,76757050,0.98,151006,21454,163887821,35.25,1194,795,43656,85914,16.5,16.3,0.2,36.7,46.8,8092281371,674356780.9,531,"Collembola","Poduromorpha","Folsomia quadrioculata"
"133","Arthropoda","Collembola","Isotomiella paraminor",145.54,69170920,0.33,90461,100623,152644611,40.55,2355,1160,15710,39224,57.7,52.3,5.4,25.4,16.9,9090736827,313473683.7,680,"Collembola","Entomobryomorpha","Isotomiella minor"
"134","Arthropoda","Collembola","Hymenaphorura dentifera",146.69,68877239,0.1,69388,82478,179141586,39.15,4951,1970,8104,22730,80.7,79.7,1,9,10.3,9515254619,0,682,"Collembola","Poduromorpha","Protaphorura janosik"
"135","Arthropoda","Collembola","Micranurida granulata",143.88,75165489,0.19,115786,31522,161897747,39.4,1761,973,25344,56475,44.8,43.1,1.7,34.4,20.8,9793933605,425823200.2,657,"Collembola","Poduromorpha","Neanuridae sp. DPCOL39498"
"136","Arthropoda","Collembola","Friesea truncata",146.43,84218653,0.29,44612,122928,101969318,32.15,4198,1586,4652,14972,73.7,70.5,3.2,14.5,11.8,10618055753,221209494.9,477,"Collembola","Poduromorpha","Friesea claviseta"
"137","Arthropoda","Collembola","Protaphorura glebata",147.34,64461074,0.34,107794,229419,356791065,37.43,6947,2796,12388,32779,83.4,81.5,1.9,8.5,8.1,9151721089,0,650,"Collembola","Poduromorpha","Protaphorura armata"
"138","Arthropoda","Collembola","Xenyllodes armatus",147.6,84984790,2.31,57311,42160,127484034,36.76,3519,1757,10196,22957,77.4,76.5,0.9,12.8,9.8,8263253277,0,661,"Collembola","Collembola-undef","Xenyllodes armatus"
"139","Arthropoda","Collembola","Entomobrya corticalis",145.48,76240593,0.2,130880,130759,345878259,33.75,5018,2085,16472,43517,83.5,82.7,0.8,9.8,6.7,10743369313,511589014.9,687,"Collembola","Entomobryomorpha","Entomobrya corticalis"
"140","Arthropoda","Collembola","Arrhopalites",148.04,66485060,0.21,224314,52339,364521251,34.81,2222,1165,45160,102115,47.5,47.1,0.4,29.4,23.1,9441338541,674381324.4,675,"Insecta","Lepidoptera","Argyresthia pygmaeella"
"141","Arthropoda","Collembola","Mesaphorura macrochaeta",147.71,76628051,1.57,96872,36617,180273372,43.98,2699,1415,19576,42629,73.9,71.5,2.4,14.1,12,8256073079,317541272.3,679,"Collembola","Poduromorpha","Onychiuridae sp. DPCOL37607"
"142","Arthropoda","Collembola","Entomobrya nivalis",146.76,93146949,0.07,121849,131270,330179780,34.37,5580,2060,13179,38175,71.4,68.8,2.6,17.1,11.5,13365318455,668265922.8,681,"Collembola","Entomobryomorpha","Entomobryidae sp. DPCOL68945"
"143","Arthropoda","Collembola","Desoria olivacea",146.58,66671133,0.04,105649,314855,191534045,37.38,2584,1230,15697,43092,63.8,61.6,2.2,20.9,15.3,9568609151,368023428.9,682,"Collembola","Entomobryomorpha","Desoria olivacea"
"144","Arthropoda","Collembola","Isotomurus palustris",147.6,69466089,0.49,27915,375185,148934766,38.93,14673,5590,2265,6406,90.2,89.5,0.7,3.1,6.7,9531077628,9531077628,681,"Collembola","Entomobryomorpha","Isotomurus palustris"
"145","Arthropoda","Collembola","Hydroisotoma schaefferi",144.66,73642038,0.14,12452,255033,148880474,36.75,33762,16394,1254,2831,92.6,92.2,0.4,2.3,5.1,10355602352,195388723.6,682,"Collembola","Entomobryomorpha","Homidia phjongjangica"
"146","Arthropoda","Collembola","Xenylla mediterranea",148.08,67729444,1.23,43449,61039,112386321,32.92,4593,2049,6108,15335,NA,NA,NA,NA,NA,6017600580,1002933430,681,"Collembola","Poduromorpha","Xenylla brevisimilis"
"147","Arthropoda","Collembola","Folsomia candida",129.42,5534794,0.47,76319,24052,63001481,39.57,816,630,26042,48150,3.4,3.4,0,15.6,81,601048357,300524178.5,682,"Collembola","Entomobryomorpha","Folsomia candida"
"148","Arthropoda","Collembola","Folsomia candida",126.97,6765181,0.29,94184,20479,80799012,38.87,861,653,31598,58704,4.7,4.7,0,12.2,83.1,751085415,375542707.5,506,"Collembola","Entomobryomorpha","Folsomia candida"
"149","Arthropoda","Collembola","Desoria trispinata",147.45,79994245,15.41,84952,224064,138956929,33.44,2275,1088,13575,36196,68.7,67.7,1,17.2,14.1,8654911387,8654911387,681,"Collembola","Entomobryomorpha","Desoria trispinata"
"150","Arthropoda","Collembola","Lepidocyrtus lignorum",147.87,64382741,1.64,167742,88764,264115406,37.08,2061,1081,31772,76626,63.7,60.8,2.9,22.5,13.8,8849024127,589934941.8,479,"Collembola","Entomobryomorpha","Heteromurus major"
"151","Arthropoda","Collembola","Neelides folsomi",147.81,64868551,NA,1969,780296,88077484,33.32,162062,77453,150,348,72.2,72.2,0,10.6,17.2,8820258566,91877693.4,687,"Collembola","Entomobryomorpha","Tomocerinae sp. BOLD:AAN6554"
"152","Arthropoda","Collembola","Isotoma",146.46,64040429,NA,100445,282396,229643284,32.58,4236,1590,10419,33435,55.7,55.7,0,19.5,24.8,8959735314,497763073,684,"Collembola","Entomobryomorpha","Isotoma viridis"
"153","Arthropoda","Collembola","Neelus murinus",145.99,65371950,NA,146475,36343,266644693,25.95,2648,1305,26578,62850,44,30.6,13.4,33.3,22.7,8721019043,513001120.2,686,"Insecta","Diptera","Antocha sp. BOLD:AAF8995"
"154","Arthropoda","Collembola","Sminthurinus sp.",146.95,61904502,NA,48208,108962,119788919,33.32,4679,1958,6577,16566,89.1,88,1.1,2.8,8.1,5966379964,2983189982,686,"Collembola","Symphypleona","Sminthurinus sp. BIOUG31159-D02"
"155","Arthropoda","Collembola","Allacma fusca",146.22,61378381,NA,48186,98889,128345364,36.88,4909,2051,6283,16525,70.9,70.7,0.2,6.3,22.8,6994440042,3497220021,692,"Collembola","Symphypleona","Seira delamarei"
"156","Arthropoda","Collembola","Allacma fusca",146.73,69319593,NA,43674,446368,280652606,37,23496,7627,2514,7847,74.3,74.3,0,11.8,13.9,9902103992,341451861.8,698,"Collembola","Entomobryomorpha","Entomobrya unifasciata"
"157","Arthropoda","Collembola","Sminthurinus sp.",146.47,63755891,NA,227484,171962,369815737,33.37,2230,1116,40638,100010,33.7,33.5,0.2,34,32.3,9061345896,697026607.4,686,"Collembola","Symphypleona","Sminthurinus sp. BIOUG31159-D02"
"158","Arthropoda","Diplopoda","Glomeris marginata",145.03,74104612,0.47,37784,140589,159414358,37.94,11551,4314,3473,9147,84,83.9,0.1,5.6,10.4,NA,NA,681,"Diplopoda","Glomerida","Glomeris marginata"
"159","Arthropoda","Diplopoda","Xestoiulus laeticollis",147.21,69117949,1.45,55970,146134,269541015,36.34,10421,4627,6704,16474,82.9,82.2,0.7,7.6,9.5,9627540594,0,609,"Diplopoda","Julida","Ophyiulus pilosus"
"160","Arthropoda","Diplopoda","Ommatoiulus sabulosus",145.91,80989632,0.43,79357,114607,374359733,37.01,8852,3999,11304,27040,79.3,78.7,0.6,10.9,9.8,NA,NA,682,"Diplopoda","Julida","Julus scandinavius"
"161","Arthropoda","Diplopoda","Cylindroiulus punctatus",146.55,72228136,0.37,49154,197196,229291123,39.44,11556,4469,4547,12602,68.7,68,0.7,10.9,20.4,10131293264,405251730.6,616,"Diplopoda","Julida","Cylindroiulus latestriatus"
"162","Arthropoda","Diplopoda","Polydesmus complanatus",144.84,73577913,1.5,22675,271648,176913806,32.6,30151,10432,1516,3999,92.2,91,1.2,2.5,5.3,NA,NA,680,"Diplopoda","Polydesmida","Brachydesmus superus"
"163","Arthropoda","Diplopoda","Julus scandinavius",146.65,70649827,0.65,64742,151016,279298455,37.24,9794,4190,7334,18279,82,81.4,0.6,7.5,10.5,NA,NA,634,"Diplopoda","Julida","Julus scandinavius"
"164","Arthropoda","Diplopoda","Polydesmus angustus",146.56,70173016,0.39,90063,189020,209945911,31.48,4122,1642,10581,31334,82.3,81.2,1.1,9.4,8.3,9855834750,0,663,"Diplopoda","Polydesmida","Polydesmus angustus"
"165","Arthropoda","Diplopoda","Proteroiulus fuscus",145.43,71962227,0.97,62110,90448,270160041,34.71,7491,3840,10175,22748,64.6,64.2,0.4,14,21.4,9875554720,0,682,"Diplopoda","Julida","Proteroiulus fuscus"
"166","Arthropoda","Diplopoda","Kryphioiulus occultus",144.42,72748115,0.55,30200,199451,246684850,37.66,18693,8115,3430,8448,81.9,81.5,0.4,8,10.1,NA,NA,680,"Diplopoda","Julida","Brachyiulus pusillus"
"167","Arthropoda","Diplopoda","Choneiulus palmatus",147.28,70342309,0.26,165599,25472,329516679,33.52,2530,1473,38236,81277,26.7,26.6,0.1,39.6,33.7,NA,NA,678,"Diplopoda","Julida","Choneiulus palmatus"
"168","Arthropoda","Diplopoda","Rossiulus vilnensis",145.97,77848738,0.25,27062,129385,234652535,37.43,18555,9069,3578,8057,83.1,82.8,0.3,5.8,11.1,NA,NA,681,"Diplopoda","Julida","Brachyiulus pusillus"
"169","Arthropoda","Diplopoda","Ophyiulus pilosus",146.01,72235725,0.39,64911,525970,230247290,37.54,7764,2916,5331,17823,71.6,71.2,0.4,13.7,14.7,NA,NA,681,"Diplopoda","Julida","Ophyiulus pilosus"
"170","Arthropoda","Diplopoda","Julus scanicus",147.3,74115056,0.54,48387,205375,275481723,36.73,12251,5524,5755,14160,86.6,86.3,0.3,4.2,9.2,NA,NA,680,"Diplopoda","Julida","Julus scandinavius"
"171","Arthropoda","Diplopoda","Melogona voigti",141.89,72310948,0.53,97824,66304,378404268,40.43,6128,3145,17754,39317,61.9,61.6,0.3,24.4,13.7,NA,NA,680,"Diplopoda","Chordeumatida","Melogona broelemanni"
"172","Arthropoda","Diplopoda","Glomeris hexasticha",142.64,68071925,1.96,69956,62991,220808849,38.49,4920,2386,11787,27993,76.9,76.6,0.3,11.5,11.6,NA,NA,680,"Diplopoda","Glomerida","Glomeris oblongoguttata"
"173","Arthropoda","Diplopoda","Glomeris hexasticha",126.94,27786042,8.73,45812,21617,42821307,45.49,932,645,12725,26765,3.5,3.5,0,12.3,84.2,2559289560,2559289560,680,"Diplopoda","Glomerida","Glomeris oblongoguttata"
"174","Arthropoda","Diplopoda","Megaphyllum projectum",129.36,39527799,0.93,124633,26186,120772880,40.48,990,694,36326,72955,5.7,5.7,0,17.1,77.2,4122556166,2061278083,682,"Diplopoda","Julida","Julus scandinavius"
"175","Arthropoda","Diplopoda","Polyxenus lagurus",135.87,37083796,1.67,50661,27476,53594824,43.62,1159,666,11190,26949,0.6,0.6,0,2.1,97.3,4059603713,2029801857,681,"Diplopoda","Polyxenida","Polyxenus lagurus"
"176","Arthropoda","Diplopoda","Polyzonium germanicum",138.33,40348029,0.93,46309,98439,145312663,40.72,5307,2585,7121,16982,80.4,80.1,0.3,9.4,10.2,4857091742,4857091742,681,"Chromadorea","Rhabditida","Caenorhabditis brenneri"
"177","Arthropoda","Diplopoda","Cylindroiulus caeruleocinctus",117.21,34693219,0.68,22234,19910,17398169,42.92,686,567,6993,14029,1.2,1.2,0,6.4,92.4,NA,NA,682,"Diplopoda","Julida","Cylindroiulus caeruleocinctus"
"178","Arthropoda","Diplopoda","Leptoiulus proximus",119.77,33761352,0.94,166149,20635,191768128,37.43,1280,860,47350,93268,19.6,19.5,0.1,30.4,50,NA,NA,606,"Diplopoda","Julida","Ophyiulus pilosus"
"179","Arthropoda","Diplopoda","Strongylosoma stigmatosum",115.78,18830582,0.85,95222,27001,137468815,30.62,1713,1082,24923,50237,35.7,35.6,0.1,35.9,28.4,NA,NA,602,"Diplopoda","Polydesmida","Paradoxosomatidae sp. KMP-2008"
"180","Arthropoda","Diplopoda","Unciger foetidus",121.77,28663535,1.21,30504,20627,24240184,41.66,714,575,9589,19147,0.6,0.6,0,3.7,95.7,NA,NA,679,"Diplopoda","Julida","Unciger foetidus"
"181","Arthropoda","Diplopoda","Cylindroiulus caeruleocinctus",131.34,77787188,0.64,5486,13148,6051014,38.38,1195,765,1411,3003,0.2,0.2,0,0.4,99.4,NA,NA,378,"Diplopoda","Julida","Cylindroiulus caeruleocinctus"
"182","Arthropoda","Diplopoda","Leptoiulus proximus",140.08,76443569,1.48,227034,26047,254548461,37.57,1219,784,58162,123914,9.5,9.3,0.2,31.9,58.6,NA,NA,684,"Clitellata","Enchytraeida","Enchytraeus albidus"
"183","Arthropoda","Diplopoda","Strongylosoma stigmatosum",132.91,76206230,0.32,14713,15267,11163455,31.05,712,581,5136,9512,0.1,0.1,0,0,99.9,8818643884,4409321942,680,"Diplopoda","Polydesmida","Antichiropus georginae"
"184","Arthropoda","Diplopoda","Nemasoma varicorne",144.15,68670976,0.91,295252,25089,441684841,35.85,1880,1099,70848,148062,37.2,34.6,2.6,35.1,27.7,9415688224,0,683,"Diplopoda","Julida","Nemasoma varicorne"
"185","Arthropoda","Diplopoda","Megaphyllum sjaelandicum",146.14,92983931,0.14,72612,125190,364817766,37.06,9466,4390,10432,24533,81,80.8,0.2,8.9,10.1,13094173112,569311874.4,681,"Diplopoda","Chordeumatida","Chordeuma sylvestre"
"186","Arthropoda","Diplopoda","Rossiulus vilnensis",146.55,69720441,0.3,191883,26185,281437799,36.11,1897,1048,43324,93573,41.4,41.1,0.3,32.5,26.1,9599486345,3199828782,680,"Diplopoda","Julida","Brachyiulus pusillus"
"187","Arthropoda","Diplopoda","Tachypodoiulus niger",146.31,80025042,0.28,242642,29294,347551316,36.51,1731,1063,61755,125996,40.8,40.3,0.5,32.3,26.9,11111271469,3703757156,680,"Diplopoda","Julida","Brachyiulus pusillus"
"188","Arthropoda","Diplopoda","Chordeuma sylvestre",144.03,68175552,0.14,61872,167532,347932751,40.97,13372,5704,6710,16677,79.9,79.1,0.8,8.1,12,9455557754,0,678,"Diplopoda","Chordeumatida","Chordeuma sylvestre"
"189","Arthropoda","Diplopoda","Mycogona germanica",143.96,75888968,0.08,65187,132267,350109252,40.96,12721,5506,7217,17720,77.9,77.2,0.7,9.2,12.9,10546015249,0,461,"Diplopoda","Chordeumatida","Listrocheiritium noricum"
"190","Arthropoda","Diplura","Campodea plusiochaeta",147.16,69453817,5.7,231684,85230,573924897,30.86,3600,1830,42605,98835,27.9,26.9,1,41.2,30.9,NA,NA,685,"Arthropoda-undef","Diplura","Campodeidae sp. BOLD:ACP3162"
"191","Arthropoda","Diplura","Campodea plusiochaeta",147.25,65170113,0.05,250076,53219,602100884,30.86,3408,1787,49486,110685,25.1,24.4,0.7,40.1,34.8,NA,NA,681,"Arthropoda-undef","Diplura","Campodeidae sp. BOLD:ACP3162"
"192","Arthropoda","Diplura","Campodea LP VI",146.62,85261961,0.1,408955,35462,787189786,33.51,2501,1452,94458,197996,9,8.7,0.3,23.8,67.2,11939002829,2387800566,681,"Insecta","Diptera","Anopheles stephensi"
"193","Annelida","Enchytraeidae","Enchytraeus bigeminus",106.24,1247097,3.76,1549,2957,1129877,35.52,698,576,573,1021,NA,NA,NA,NA,NA,62614667,62614667,607,"Clitellata","Enchytraeida","Enchytraeus sp. Driefontein B"
"194","Annelida","Enchytraeidae","Enchytraeus bigeminus",125.35,2194333,2.23,2437,8860,2153839,35.56,878,607,687,1446,0,0,0,0,100,129072378,129072378,338,"Clitellata","Enchytraeida","uncultured eukaryote"
"195","Annelida","Enchytraeidae","Enchytraeus bigeminus",125.96,1367572,3.12,1560,8241,1419500,34.95,919,625,444,917,0,0,0,0,100,79552401,79552401,570,"Clitellata","Enchytraeida","Enchytraeus albellus"
"196","Annelida","Enchytraeidae","Enchytraeus albidus",122.67,1843570,2.9,2175,8401,2093396,38.94,1000,645,569,1235,0.1,0.1,0,0,99.9,120209713,120209713,684,"Clitellata","Enchytraeida","Enchytraeus albidus"
"197","Annelida","Enchytraeidae","Enchytraeus albidus",125.47,2259261,2.03,3362,15162,3750674,38.07,1239,786,881,1852,0,0,0,0,100,202936518,202936518,684,"Clitellata","Enchytraeida","Enchytraeus albidus"
"198","Annelida","Enchytraeidae","Enchytraeus crypticus",120.64,1777480,7.12,3534,7533,2913257,38.17,812,603,1141,2195,0,0,0,0,100,116960959,116960959,673,"Clitellata","Enchytraeida","Enchytraeus moebii"
"199","Annelida","Enchytraeidae","Enchytraeus crypticus",118.79,1499277,8.23,2068,5764,1630871,37.96,736,573,661,1301,0,0,0,0.1,99.9,79700424,79700424,673,"Clitellata","Enchytraeida","Enchytraeus moebii"
"200","Annelida","Enchytraeidae","Enchytraeus albidus",121.04,2542017,4.43,2108,15120,2300551,38.88,1218,718,487,1116,0,0,0,0,100,165617269,165617269,684,"Clitellata","Enchytraeida","Enchytraeus albidus"
"201","Annelida","Enchytraeidae","Enchytraeus bulbosus",114.81,34274751,3.11,203341,15400,146145560,37.12,694,579,77276,135215,0.2,0.2,0,2.3,97.5,3259652145,814913036.3,680,"Clitellata","Enchytraeida","Lumbricillus buelowi"
"202","Annelida","Enchytraeidae","Enchytraeus luxuriosus",127.21,31848319,1.4,255357,23615,221774921,37.79,876,654,84064,157723,1.1,1,0.1,3.7,95.2,NA,NA,681,"Clitellata","Enchytraeida","Enchytraeus albidus"
"203","Annelida","Enchytraeidae","Enchytraeus albidus",127.02,27170219,3.71,163977,15937,136905756,36.32,842,642,56342,103170,0.7,0.7,0,5.7,93.6,2779486928,926495642.7,684,"Clitellata","Enchytraeida","Enchytraeus albidus"
"204","Annelida","Enchytraeidae","Enchytraeus albidus",127.48,20827339,3.75,112058,19198,88349192,36.43,771,610,39491,71848,0.3,0.3,0,1.2,98.5,NA,NA,684,"Clitellata","Enchytraeida","Enchytraeus albidus"
"205","Annelida","Enchytraeidae","Enchytraeus albidus",124.96,26195812,3.63,151890,17725,117400203,36.1,755,604,54525,98204,0.3,0.3,0,1.9,97.8,2637831893,1318915947,684,"Clitellata","Enchytraeida","Enchytraeus albidus"
"206","Annelida","Enchytraeidae","Enchytraeus albidus",123.5,29834466,3.34,176829,17399,140352900,36.06,786,618,62669,113309,0.8,0.8,0,6.3,92.9,3019340831,754835207.8,684,"Clitellata","Enchytraeida","Enchytraeus albidus"
"207","Annelida","Enchytraeidae","Enchytraeus luxuriosus",134.37,60796392,1.47,261141,21901,303976523,37.73,1298,843,69544,142796,0.8,0.8,0,5.1,94.1,NA,NA,681,"Clitellata","Enchytraeida","Enchytraeus albidus"
"208","Annelida","Enchytraeidae","Enchytraeus albidus",133.04,646371,1.16,155,1756,123847,40.8,840,604,54,99,NA,NA,NA,NA,NA,NA,NA,296,"Chromadorea","Rhabditida","Angiostoma dentiferum"
"209","Annelida","Enchytraeidae","Enchytraeus albidus",132.75,63388563,4.02,282728,18222,355848184,36.42,1424,930,75179,153259,6.2,6,0.2,25.6,68.2,7341484395,1468296879,529,"Clitellata","Enchytraeida","Enchytraeus albidus"
"210","Annelida","Enchytraeidae","Enchytraeus albidus",130.39,54283722,4.4,217185,19466,243326035,36.27,1221,831,60997,121816,1.7,1.6,0.1,8.4,89.9,6040023291,1510005823,684,"Clitellata","Enchytraeida","Enchytraeus albidus"
"211","Annelida","Enchytraeidae","Enchytraeus bulbosus",129,57226702,2.52,106794,22628,105143682,38.28,1027,700,30540,61763,0.6,0.6,0,3.9,95.5,NA,NA,608,"Clitellata","Enchytraeida","Enchytraeus albidus"
"212","Annelida","Enchytraeidae","Enchytraeus crypticus",131.48,6970138,2.04,49342,16785,34690130,36.52,674,569,18958,33030,0.4,0.4,0,1.6,98,618170746,309085373,673,"Clitellata","Enchytraeida","Enchytraeus moebii"
"213","Annelida","Enchytraeidae","Enchytraeus crypticus",138.63,6668403,1.84,68343,15236,49348697,36.04,700,582,25958,45383,0.2,0.2,0,1.7,98.1,665622956,332811478,673,"Clitellata","Enchytraeida","Enchytraeus moebii"
"214","Annelida","Enchytraeidae","Enchytraeus crypticus",133.64,5470647,2.15,32469,16147,22370628,36.44,652,561,12590,21876,0.2,0.2,0,1.4,98.4,466896418,233448209,673,"Clitellata","Enchytraeida","Enchytraeus moebii"
"215","Annelida","Enchytraeidae","Enchytraeus crypticus",125.56,6477304,2.4,27989,15234,18680809,37.46,628,550,11082,19061,0.2,0.2,0,0.7,99.1,502153162,251076581,673,"Clitellata","Enchytraeida","Enchytraeus moebii"
"216","Annelida","Enchytraeidae","Enchytraeus bigeminus",126.53,6752415,1.67,15947,15298,12113188,36.13,686,568,5345,10234,0.1,0.1,0,0.1,99.8,485399145,242699572.5,662,"Clitellata","Enchytraeida","Enchytraeus albellus"
"217","Annelida","Enchytraeidae","Enchytraeus bigeminus",134.99,12413453,1.51,65850,12072,50938313,36.39,748,601,23409,42504,0.9,0.9,0,4.9,94.2,1158743365,579371682.5,662,"Clitellata","Enchytraeida","Enchytraeus albellus"
"218","Annelida","Enchytraeidae","Cognettia cognetti",146.04,70923046,NA,90092,97882,438331010,42.51,10027,4712,12296,28172,56,56,0,21.8,22.2,9584764846,599047802.9,659,"Clitellata","Enchytraeida","Chamaedrilus cognettii"
"219","Annelida","Enchytraeidae","Oconnorella tubifera",144.47,62594291,NA,71728,87511,305460197,32.06,8895,3980,9119,21919,51.7,51.7,0,24.9,23.4,8260957776,458942098.7,673,"Clitellata","Enchytraeida","Enchytraeus albidus"
"220","Annelida","Enchytraeidae","Fridericia nemoralis",143.54,63829022,NA,318824,39231,559676837,37.62,2239,1305,74538,156803,13.3,13.3,0,35.4,51.3,8222963899,1174709128,689,"Clitellata","Enchytraeida","Fridericia ratzeli"
"221","Annelida","Enchytraeidae","Stercutus niveus",146.54,71423373,NA,527902,22332,749469005,39.55,1708,1061,135330,275250,4.3,4.3,0,25.4,70.3,9791124142,2447781036,662,"Clitellata","Enchytraeida","Stercutus niveus"
"222","Annelida","Enchytraeidae","Buchholzia appendiculata",145.27,73524984,NA,263428,37429,625151618,38.77,3410,1783,51560,115199,23.9,23.9,0,37.6,38.5,9855703079,1231962885,669,"Clitellata","Enchytraeida","Buchholzia appendiculata"
"223","Annelida","Enchytraeidae","Enchytraeus norvegicus",146.59,60736374,NA,163985,45198,527705550,37.51,4629,2580,34533,72574,21.4,21.4,0,37.3,41.3,8009486735,800948673.5,662,"Clitellata","Enchytraeida","Enchytraeus norvegicus"
"224","Arthropoda","Gamasina","Veigaia sp. 1",143.82,68258310,0.94,137858,108641,112262958,45.52,777,603,44925,86399,2.7,2.6,0.1,8.8,88.5,4697362969,2348681485,685,"Arachnida","Mesostigmata","Veigaiidae sp. BOLD:AAL8123"
"225","Arthropoda","Gamasina","Parasitus sp. 1",142.16,64335354,0.95,26367,19595,26288953,44.13,1020,621,5808,14397,0.6,0.5,0.1,4.8,94.6,5447928317,1361982079,673,"Arachnida","Mesostigmata","Parasitidae sp. BOLD:AAF9099"
"226","Arthropoda","Gamasina","Parasitus crassipes (sp. 2)",139.88,73166689,0.93,176005,20026,181298462,42.4,1096,736,49668,100104,23,22.7,0.3,33.7,43.3,7657708917,1914427229,673,"Arachnida","Mesostigmata","Parasitidae sp. BOLD:AAF9099"
"227","Arthropoda","Gamasina","Epicriopsis sp. 3",148.08,73931351,2.35,9515,15201,6672654,50.19,654,556,3556,6341,0.1,0.1,0,0.6,99.3,1146017084,143252135.5,669,"Arachnida","Mesostigmata","Hypomicrogaster sp. OVRGDHJ13"
"228","Arthropoda","Gamasina","Pergamasus sp. 4",144.65,71838134,0.61,297942,25946,342693236,41.53,1290,828,79175,162666,28.8,28.4,0.4,28.8,42.4,8593628259,2148407065,682,"Arachnida","Mesostigmata","Parasitidae sp. BOLD:AAL8123"
"229","Arthropoda","Gamasina","Pergamasus sp. 5",143.59,66323650,0.21,296416,32602,415256080,41.5,1690,1024,72350,151889,41.2,40.6,0.6,27.4,31.4,8471343387,2117835847,682,"Arachnida","Mesostigmata","Parasitidae sp. BOLD:AAL8123"
"230","Arthropoda","Gamasina","Geholaspis longispinosus (sp. 6 Gaeolaelaps)",146.14,89436527,0.61,18169,33409,13600038,44.38,701,567,6288,11747,0,0,0,0.7,99.3,5120157278,0,648,"Arachnida","Mesostigmata","Ixodes hirsti"
"231","Arthropoda","Gamasina","Epicrius sp. 1",145.66,91203099,0.49,134700,22815,136896357,37.59,1061,709,36796,76415,10.7,10.6,0.1,22.1,67.2,8953284130,1492214022,685,"Arachnida","Trombidiformes","Penthaleidae sp. BOLD:ADF4943"
"232","Arthropoda","Gamasina","Rhodacarus sp.",148.3,72434891,2.36,1463,4321,1089134,54.12,703,564,508,947,0,0,0,0,100,306475494,20431699.6,NA,NA,NA,NA
"233","Arthropoda","Gamasina","Phyotseiulus persimilis",146.84,76305828,0.25,43147,51948,168077062,51.72,6675,3585,7615,16181,78.1,77,1.1,10.2,11.7,8167881075,263480034.7,687,"Arachnida","Mesostigmata","Phytoseiulus persimilis"
"234","Arthropoda","Gamasina","Hypoaspis",147.5,67155728,0.19,56017,125886,408644983,45.9,13560,6756,8211,18904,82.8,81.9,0.9,5.7,11.5,6090140634,609014063.4,656,"Arachnida","Mesostigmata","Stratiolaelaps scimitus"
"235","Arthropoda","Gamasina","Macrocheles robustulus",146.65,98337822,0.73,41174,298060,385494034,40.87,20160,9476,5117,12071,85.9,85.1,0.8,4.3,9.8,13453598336,560566597.3,668,"Arachnida","Mesostigmata","Macrocheles scutatiformis"
"236","Arthropoda","Gamasina","Zercon sp. 1",146.94,74369553,0.49,324438,28592,407094028,38.49,1435,933,88072,176556,21.1,20.7,0.4,26.9,52,9351342676,1168917835,681,"Arachnida","Mesostigmata","Zerconidae sp. BOLD:AAL8123"
"237","Arthropoda","Isopoda","Philoscia muscorum",145.59,67014669,2.87,314164,18132,261362421,33.13,828,622,104239,196166,0.3,0.3,0,0.5,99.2,NA,NA,680,"Malacostraca","Isopoda","Philoscia muscorum"
"238","Arthropoda","Isopoda","Trachelipus rathkii",145.74,69570887,3.33,235561,26374,196456909,34.02,836,625,78438,147040,0.6,0.5,0.1,0.5,98.9,NA,NA,682,"Malacostraca","Isopoda","Porcellio scaber"
"239","Arthropoda","Isopoda","Oniscus asellus",145.71,71852925,2.07,159982,22732,127647931,34.94,763,593,53061,101025,0.3,0.2,0.1,0.1,99.6,NA,NA,671,"Malacostraca","Isopoda","Paracerceis caudata"
"240","Arthropoda","Isopoda","Porcellio scaber",144.94,80433061,4.73,357982,19630,433158172,33.14,1377,890,95822,194304,8.4,8.1,0.3,11.8,79.8,NA,NA,682,"Malacostraca","Isopoda","Trachelipus kytherensis"
"241","Arthropoda","Isopoda","Trichoniscus pusillus aggr.",146.9,69009824,1.88,221219,21120,197474040,31.64,910,654,69546,134033,3.2,3.2,0,11.5,85.3,NA,NA,682,"Malacostraca","Isopoda","Trichoniscus pusillus"
"242","Arthropoda","Isopoda","Porcellio spinicornis",146.18,69127192,1.92,176237,37129,144928411,33.34,814,619,59155,110629,0.2,0.1,0.1,0.4,99.4,NA,NA,683,"Malacostraca","Isopoda","Porcellio spinicornis"
"243","Arthropoda","Isopoda","Ligidium hypnorum",145.9,76586464,0.76,399279,25149,385942932,36.71,1015,713,122495,236186,0.9,0.8,0.1,2.2,96.9,10289059762,5144529881,678,"Malacostraca","Isopoda","Ligidium hypnorum"
"244","Arthropoda","Isopoda","Haplophthalmus danicus",146.96,73543099,2.07,234552,25449,264129718,30.7,1253,806,62836,128954,16.7,16.5,0.2,34.5,48.8,6335338922,6335338922,661,"Malacostraca","Isopoda","Haplophthalmus danicus"
"245","Annelida","Lumbricina","Aporrectodea caliginosa",136.77,2224255,8.15,4012,15028,3755454,41.42,959,619,1052,2304,0,0,0,0.1,99.9,172665842,172665842,682,"Clitellata","Haplotaxida","Aporrectodea caliginosa L3"
"246","Annelida","Lumbricina","Aporrectodea caliginosa",131.32,1897489,8.55,2892,15166,2911738,41.21,1085,662,729,1606,0,0,0,0.1,99.9,131110037,131110037,682,"Clitellata","Haplotaxida","Aporrectodea caliginosa"
"247","Annelida","Lumbricina","Aporrectodea caliginosa",133.21,2220889,4.53,3544,18615,3412669,41.54,998,642,921,2015,0,0,0,0.2,99.8,151724262,151724262,682,"Clitellata","Haplotaxida","Aporrectodea caliginosa L3"
"248","Annelida","Lumbricina","Aporrectodea caliginosa",135.98,2670946,8.43,5039,15091,4845016,41.16,994,634,1279,2850,0.1,0.1,0,0.1,99.8,209787000,209787000,682,"Clitellata","Haplotaxida","Aporrectodea caliginosa"
"249","Annelida","Lumbricina","Aporrectodea caliginosa",134.83,2570035,10.17,4012,14229,3724640,41.51,934,621,1068,2319,0,0,0,0.1,99.9,197899414,197899414,682,"Clitellata","Haplotaxida","Aporrectodea caliginosa L3"
"250","Annelida","Lumbricina","Aporrectodea caliginosa",135.08,2828422,5.98,4771,15495,4606227,41.33,997,635,1200,2698,0,0,0,0.1,99.9,215147338,215147338,682,"Clitellata","Haplotaxida","Aporrectodea caliginosa"
"251","Annelida","Lumbricina","Aporrectodea caliginosa",137.04,2531496,7.6,4644,15119,4259287,41.61,922,616,1246,2696,0.1,0.1,0,0.1,99.8,198504327,198504327,682,"Clitellata","Haplotaxida","Aporrectodea caliginosa L3"
"252","Annelida","Lumbricina","Aporrectodea caliginosa",134.29,2658645,7.6,4733,15095,4418210,41.2,942,623,1250,2730,0,0,0,0.2,99.8,198422786,198422786,682,"Clitellata","Haplotaxida","Aporrectodea caliginosa L3"
"253","Annelida","Lumbricina","Aporrectodea caliginosa",136.27,1704336,6.05,2801,15136,2670853,41.61,999,639,742,1599,0,0,0,0.1,99.9,121079518,121079518,682,"Clitellata","Haplotaxida","Aporrectodea caliginosa L3"
"254","Annelida","Lumbricina","Dendrobaena attemsi",147.45,71892068,0.87,229462,43798,618893238,40.18,4074,2084,43189,96456,32.3,32,0.3,37.6,30.1,8554742399,950526933.2,604,"Clitellata","Haplotaxida","Aporrectodea trapezoides"
"255","Annelida","Lumbricina","Aporrectodea caliginosa",136.18,76508,7.32,127,6878,102405,40.34,787,604,42,80,0,0,0,0,100,3290613,3290613,233,"Clitellata","Haplotaxida","Aporrectodea caliginosa"
"256","Annelida","Lumbricina","Aporrectodea caliginosa",141.41,262934,17.17,640,7685,574142,41.11,871,631,186,383,0,0,0,0.1,99.9,12811346,12811346,241,"Clitellata","Haplotaxida","Aporrectodea caliginosa"
"257","Annelida","Lumbricina","Aporrectodea caliginosa",134.27,13501262,7.01,65827,15120,50710617,40.1,727,587,22785,42317,0.2,0.2,0,1.2,98.6,1254556100,627278050,682,"Clitellata","Haplotaxida","Aporrectodea caliginosa"
"258","Annelida","Lumbricina","Aporrectodea caliginosa",139.33,9621012,4.75,50855,15179,39165629,40.43,719,581,17304,32590,0.3,0.3,0,0.5,99.2,925992367,462996183.5,682,"Clitellata","Haplotaxida","Aporrectodea caliginosa"
"259","Annelida","Lumbricina","Aporrectodea caliginosa",137.12,9754881,7.16,44560,15741,34254144,40.39,714,580,15156,28574,0.1,0.1,0,1.3,98.6,888665929,888665929,682,"Clitellata","Haplotaxida","Aporrectodea caliginosa"
"260","Arthropoda","Mesostigmata","Hypoaspis aculeifer",131.12,2349974,1.06,3363,11472,3030816,47.9,861,595,873,1961,0.1,0.1,0,0.1,99.8,134246160,134246160,681,"Arachnida","Mesostigmata","Gaeolaelaps aculeifer"
"261","Arthropoda","Mesostigmata","Hypoaspis aculeifer",116.11,4224473,0.96,4319,13547,3640939,48.52,785,574,1210,2609,0.1,0.1,0,0.1,99.8,220567604,110283802,681,"Arachnida","Mesostigmata","Gaeolaelaps aculeifer"
"262","Arthropoda","Mesostigmata","Hypoaspis aculeifer",125.27,6623920,0.4,16009,22421,12007367,48.45,647,552,5203,10273,1.1,1.1,0,1,97.9,455922906,227961453,681,"Arachnida","Mesostigmata","Gaeolaelaps aculeifer"
"263","Arthropoda","Mesostigmata","Hypoaspis aculeifer",104.82,3402689,0.55,2248,5166,1929245,49.35,832,611,680,1367,0.1,0.1,0,0,99.9,122763935,61381967.5,460,"Arachnida","Mesostigmata","Cosmolaelaps trifidus"
"264","Arthropoda","Mesostigmata","Hypoaspis aculeifer",99.23,4878020,0.41,2677,6329,2315468,49.21,852,610,801,1616,0.1,0.1,0,0,99.9,172440979,86220489.5,597,"Arachnida","Mesostigmata","Gaeolaelaps aculeifer"
"265","Nematoda","Nematoda","Plectus exinocaudatus Truskova, 1976",147.57,80616980,0.14,80037,76604,159181096,45.94,3819,1369,10161,27626,52,49.7,2.3,8.8,39.2,NA,NA,664,"Chromadorea","Plectida","Plectus frigophilus"
"266","Nematoda","Nematoda","Acrobeloides nanus (de Man, 1880)",134.29,9465495,5.06,54549,16934,49376150,36.94,932,683,17758,33285,5.9,5.8,0.1,5.5,88.6,871921581,435960790.5,602,"Chromadorea","Rhabditida","Acrobeloides varius"
"267","Nematoda","Nematoda","Acrobeloides nanus (de Man, 1880)",137.8,10986763,0.86,75076,21515,103971068,36.18,1626,1030,19596,39835,22.6,22.2,0.4,10.2,67.2,1354914228,270982845.6,334,"Chromadorea","Rhabditida","Acrobeloides varius"
"268","Nematoda","Nematoda","Acrobeloides nanus (de Man, 1880)",134.19,8224033,0.94,71810,16959,81276536,36.32,1239,855,20932,40813,13.2,13,0.2,7.9,78.9,972521217,243130304.3,334,"Chromadorea","Rhabditida","Acrobeloides varius"
"269","Nematoda","Nematoda","Acrobeloides nanus (de Man, 1880)",138.87,9113817,0.06,83014,16969,102703006,36.08,1387,926,23106,45896,19.7,19.1,0.6,9.9,70.4,1161350407,232270081.4,334,"Chromadorea","Rhabditida","Acrobeloides varius"
"270","Nematoda","Nematoda","Acrobeloides nanus (de Man, 1880)",133.45,8308361,0.36,69279,16507,109935003,39.82,1986,1191,16870,34763,18,17.5,0.5,2.8,79.2,997729096,249432274,682,"Collembola","Entomobryomorpha","Folsomia quadrioculata"
"271","Nematoda","Nematoda","Acrobeloides nanus (de Man, 1880)",138.24,8070669,2.66,58978,16957,58241676,36.7,1043,742,18354,34904,6.6,6.5,0.1,5.9,87.5,792409088,396204544,682,"Collembola","Entomobryomorpha","Folsomia quadrioculata"
"272","Nematoda","Nematoda","Acrobeloides nanus (de Man, 1880)",136.7,8686856,1.85,66404,17155,63595833,36.87,1007,711,20617,39445,7.6,7.4,0.2,6.2,86.2,842060561,421030280.5,682,"Collembola","Entomobryomorpha","Folsomia quadrioculata"
"273","Nematoda","Nematoda","Acrobeloides nanus (de Man, 1880)",132.61,12143108,0.25,78182,19728,106408470,36.25,1588,1019,20927,41984,22.1,21.6,0.5,9.4,68.5,1409977661,281995532.2,657,"Arachnida","Sarcoptiformes","Euphthiracarus sp. AMUOR021"
"274","Nematoda","Nematoda","Phasmarhabditis papillosa (A. Schneider, 1866)",130.31,31092273,0.34,35217,74709,160337222,36.48,8780,4153,5091,11714,79.6,78.3,1.3,5.2,15.2,NA,NA,661,"Chromadorea","Rhabditida","Caenorhabditis brenneri"
"275","Nematoda","Nematoda","Aphelenchus avenae Bastian, 1865",129.84,32032290,0.17,62058,90511,192263375,49.71,4909,2399,10268,24304,72.1,69.3,2.8,3.8,24.1,NA,NA,632,"Chromadorea","Rhabditida","Uncinaria sanguinis"
"276","Nematoda","Nematoda","Phasmarhabditis papillosa (A. Schneider, 1866)",133.44,55625935,0.4,31209,144660,164152979,36.46,11760,5025,3777,9081,84,82.1,1.9,3.9,12.1,NA,NA,661,"Chromadorea","Rhabditida","Caenorhabditis brenneri"
"277","Nematoda","Nematoda","Poikilolaimus oxycerca (de Man, 1895)",147.02,75348976,0.04,43929,232549,161576369,47.94,9917,3551,3836,10665,79.9,75.6,4.3,2.8,17.3,NA,NA,NA,NA,NA,NA
"278","Nematoda","Nematoda","Panagrolaimus detritophagus Fuchs, 1930",146.21,76904200,0.02,66468,93760,132026485,28.5,3184,1451,10624,26115,53.5,50.5,3,6.3,40.2,NA,NA,NA,NA,NA,NA
"279","Nematoda","Nematoda","Discolaimus major Thorne, 1939",147.86,147036305,3.26,29848,42532,78431942,42.15,4391,2109,4842,11299,60.6,56.4,4.2,3.4,36,17704998413,0,383,"Enoplea","Dorylaimida","Dorylaimoidea environmental sample"
"280","Nematoda","Nematoda","Rotylenchus fallorobustus Sher, 1965",145.5,71006437,5.68,103117,13220,94028291,36.27,926,658,31338,61806,14.4,14.4,0,5.2,80.4,6880925073,0,388,"Chromadorea","Rhabditida","Hoplolaimus columbus"
"281","Nematoda","Nematoda","Prionchulus punctatus (Cobb, 1917)",147.83,73304472,4.24,22434,268651,125572634,38.96,17870,6468,1681,4643,63.4,58,5.4,1.7,34.9,8876604410,4438302205,609,"Enoplea","Mononchida","Prionchulus punctatus"
"282","Nematoda","Nematoda","Anatonchus tridentatus (de Man, 1876)",147.46,68045190,0.38,215656,30110,276869984,34.61,1543,888,49354,109492,22.2,20.2,2,6.2,71.6,7555531227,1888882807,665,"Chromadorea","Rhabditida","Rhabditida sp. 3003ed"
"283","Nematoda","Nematoda","Aporcelaimellus obtusicaudatus (Bastian, 1865)",147.51,91396356,1.56,221490,17589,179790397,41.19,797,614,75131,139957,12.5,12,0.5,5.7,81.8,9226411905,1153301488,565,"Enoplea","Dorylaimida","Mesodorylaimus sp. 2 WJW-2018"
"284","Nematoda","Nematoda","Rotylenchus robustus (de Man, 1876)",144.74,67517376,0.62,94694,39557,167373117,34.01,2635,1202,15411,39494,39.7,39.2,0.5,5.1,55.2,8275322817,1379220470,601,"Chromadorea","Rhabditida","Rotylenchus robustus"
"285","Nematoda","Nematoda","Opisthodorylaimus sylphoides (Williams, 1959)",147.79,75189456,0.84,47539,19040,33723996,43.12,676,571,18044,31694,1.3,1.3,0,0.9,97.8,3312454411,276037867.6,600,"Enoplea","Dorylaimida","Mesodorylaimus sp. 2 WJW-2018"
"286","Nematoda","Nematoda","Aporcelaimellus obtusicaudatus (Bastian, 1865)",147.34,75403409,1.39,154455,15700,125651637,41.26,801,617,52569,97618,10,9.4,0.6,4.5,85.5,6652775798,665277579.8,686,"Clitellata","Enchytraeida","Lumbricillus buelowi"
"287","Nematoda","Nematoda","Truxonchus dolichurus (Ditlevsen, 1911)",146.74,63738504,1.76,293019,39457,450171544,33.85,1996,1087,61465,138883,30.9,29.1,1.8,5.2,63.9,8756795093,2189198773,660,"Insecta","Trombidiformes","Eupodidae sp. BOLD:AAZ6625"
"288","Nematoda","Nematoda","Plectus parietinus Bastian, 1865",146.96,67471773,0.48,81834,112728,193327927,42.86,3835,1763,12723,31426,56,54.7,1.3,6.2,37.8,7916378236,1319396373,654,"Chromadorea","Plectida","Plectus frigophilus"
"289","Nematoda","Nematoda","Mesodorylaimus bastiani (Butschli, 1873)",146.84,64768096,0.59,66105,34317,129561572,45.68,3209,1493,11153,25872,47.4,45.1,2.3,5.7,46.9,6527687343,1631921836,651,"Insecta","Diptera","Chromatomyia milii"
"290","Nematoda","Nematoda","Anatonchus cf. genovi Peneva & al., 1999",147.35,74521983,6.65,182798,14315,159190099,35.29,881,645,58970,112246,8.8,8.4,0.4,3.2,88,7577243222,0,690,"Chromadorea","Rhabditida","Litoditis aff. marina PmI"
"291","Nematoda","Nematoda","Acrobeloides nanus",136.12,6976829,0.17,54140,16934,50895244,36.2,978,714,17468,32720,5.6,5.4,0.2,4.3,90.1,640319445,320159722.5,603,"Chromadorea","Rhabditida","Acrobeloides varius"
"292","Nematoda","Nematoda","Dolichorhabditis dolichura (A. Schneider, 1866)",135.33,5243885,0.24,25885,21681,20195828,46.63,763,609,9256,16704,5.5,5.5,0,3.7,90.8,183624372,91812186,664,"Chromadorea","Rhabditida","Uncinaria sanguinis"
"293","Nematoda","Nematoda","Acrobeloides nanus (de Man, 1880)",135.24,6638854,0.19,53498,17293,50048714,36.28,969,709,17246,32378,5.5,5.4,0.1,4.5,90,671995475,335997737.5,603,"Chromadorea","Rhabditida","Acrobeloides varius"
"294","Nematoda","Nematoda","Poikilolaimus oxycerca (de Man, 1895)",127.98,3881100,0.17,30672,15720,23632261,49.56,728,589,10654,19741,4.5,4.5,0,3.6,91.9,284784799,142392399.5,657,"Chromadorea","Strongylida","Necator americanus"
"295","Nematoda","Nematoda","Poikilolaimus oxycerca (de Man, 1895)",141.01,4947441,0.88,16671,21669,12527305,48.7,696,573,5797,10800,1,1,0,1.2,97.8,188410320,188410320,657,"Chromadorea","Strongylida","Necator americanus"
"296","Nematoda","Nematoda","Dolichorhabditis dolichura (A. Schneider, 1866)",125.78,3008459,0.21,36680,10953,32995671,46.52,922,678,11968,22470,11.1,10.7,0.4,6.2,82.7,265323021,132661510.5,664,"Chromadorea","Rhabditida","Uncinaria sanguinis"
"297","Nematoda","Nematoda","Oscheius dolichura",129.54,9486236,1.63,38592,23453,37833665,46.86,1028,718,11643,22715,15.4,15,0.4,7.1,77.5,344913504,172456752,665,"Aves","Galliformes","Gallus gallus"
"298","Nematoda","Nematoda","Panagrellus redivivus (Linnaeus, 1767)",146.61,102870339,0.43,28463,172374,67884566,44.92,4881,1706,2736,8758,60.5,57.6,2.9,4,35.5,9685241830,9685241830,689,"Chromadorea","Rhabditida","Nematoda sp. RS-2017"
"299","Nematoda","Nematoda","Discolaimus",147.9,88965886,56.33,16834,79798,79174255,42.17,10631,4722,2019,4818,64,59.1,4.9,2.6,33.4,4677041117,4677041117,602,"Enoplea","Dorylaimida","Ecumenicus monohystera"
"300","Nematoda","Nematoda","Plectus velox Bastian, 1865",148.62,70795854,0.26,9985,14521,7402068,47.28,711,577,3604,6522,1,1,0,0.8,98.2,404806838,202403419,660,"Chromadorea","Plectida","Plectus murrayi"
"301","Nematoda","Nematoda","Eudorylaimus altherri Tjepkema & al., 1971",148.69,95015433,0.3,2473,13675,2400426,37.21,1025,678,698,1424,0.2,0.2,0,0,99.8,231542623,115771311.5,610,"Magnoliopsida","Rosales","Broussonetia papyrifera"
"302","Nematoda","Nematoda","Pungentus monohystera Thorne & Swanger, 1939",148.32,75204295,1.98,18472,17004,16819918,44.04,891,633,5233,10920,1,1,0,0.4,98.6,741573391,370786695.5,483,"Eukaryota-undef","Eukaryota-undef","uncultured eukaryote"
"303","Nematoda","Nematoda","Prismatolaimus dolichurus de Man, 1880",147.69,86769852,0.97,29853,49887,143829971,46.13,7894,4298,5536,11662,48.8,46.9,1.9,3.3,47.9,1966687831,196668783.1,679,"Actinopteri","Cyprinodontiformes","Nothobranchius furzeri"
"304","Arthropoda","Oribatida","Hypochthonius rufulus",123.83,1316793,38.98,6542,6140,4812835,28.88,698,577,2383,4292,0.1,0.1,0,0,99.9,104893888,52446944,658,"Arachnida","Sarcoptiformes","Hypochthonius rufulus"
"305","Arthropoda","Oribatida","Acrotritia duplicata",125.49,2828416,2.16,9128,23857,7432018,34.45,751,588,2851,5681,0.3,0.3,0,0.2,99.5,256492685,128246342.5,657,"Arachnida","Sarcoptiformes","Euphthiracarus sp. AMUOR021"
"306","Arthropoda","Oribatida","Acrotritia duplicata",106.17,340318,3.69,339,5149,297728,36.72,886,650,109,208,0,0,0,0,100,23189865,23189865,NA,NA,NA,NA
"307","Arthropoda","Oribatida","Acrotritia duplicata",108.8,4738725,4.94,6130,13455,4859262,37.44,741,583,1994,3870,0.2,0.2,0,0.3,99.5,402670457,201335228.5,662,"Arachnida","Sarcoptiformes","Euphthiracarus sp. AMUOR021"
"308","Arthropoda","Oribatida","Phthiracarus laevigatus",147.19,69711884,1.12,67240,154792,230763256,29.6,8047,3016,6777,18511,87.6,86.6,1,3.3,9.1,NA,NA,664,"Pilidiophora","Heteronemertea","Carinoma sp. BOLD:ACM5178"
"309","Arthropoda","Oribatida","Acrotritia duplicata",137.94,9692709,1.91,50336,21744,48994344,35.87,1005,700,14682,29403,25.4,24.8,0.6,11.7,62.9,1011549609,505774804.5,662,"Arachnida","Sarcoptiformes","Euphthiracarus sp. AMUOR021"
"310","Arthropoda","Oribatida","Acrotritia duplicata",131.61,10923455,2.61,50071,20577,47695575,35.08,976,688,14903,29548,24,23.7,0.3,12.4,63.6,1186029529,593014764.5,657,"Arachnida","Sarcoptiformes","Euphthiracarus sp. AMUOR021"
"311","Arthropoda","Oribatida","Acrotritia duplicata",128.38,7598491,1.89,19426,19390,17087895,38.7,841,611,5561,11634,6.8,6.6,0.2,5.6,87.6,799157084,399578542,657,"Arachnida","Sarcoptiformes","Euphthiracarus sp. AMUOR021"
"312","Arthropoda","Oribatida","Acrotritia duplicata",132.43,15014672,1.62,85773,29674,91292971,32.96,1148,766,24021,48504,36.7,36.2,0.5,13.2,50.1,1767032612,883516306,662,"Arachnida","Sarcoptiformes","Euphthiracarus sp. AMUOR021"
"313","Arthropoda","Oribatida","Acrotritia duplicata",129.34,14260326,1.87,74001,20991,73459831,32.77,1039,719,21734,43096,26.6,26.3,0.3,13.2,60.2,1586384811,793192405.5,483,"Arachnida","Sarcoptiformes","Euphthiracarus sp. AMUOR021"
"314","Arthropoda","Oribatida","Liebstadia similis",121.54,32157319,NA,20690,72864,90126144,35.21,7748,3784,3276,7419,90.1,88.5,1.6,2.7,7.2,2689620050,2689620050,565,"Arachnida","Sarcoptiformes","Scheloribates pallidulus"
"315","Arthropoda","Oribatida","Minunthozetes semirufus",130.61,29209786,NA,15871,103626,85109683,32.03,13618,6098,1770,4061,90.8,89.3,1.5,1.4,7.8,3258711653,3258711653,672,"Arachnida","Sarcoptiformes","Tegoribates sp. BOLD:AAE1477"
"316","Arthropoda","Oribatida","Nothrus palustris",137.09,33464006,NA,78074,32244,156105908,28.8,2753,1486,16149,35516,85.9,84.6,1.3,4.7,9.4,2745003498,2745003498,665,"Arachnida","Sarcoptiformes","Nothrus sp. BOLD:AAF9127"
"317","Arthropoda","Oribatida","Dissorhina ornata",136.4,26255575,NA,45189,63625,122524533,27.2,4600,2182,7138,16861,88.8,87.2,1.6,2.9,8.3,3054883673,305488367.3,681,"Arachnida","Sarcoptiformes","Oppiidae sp. BOLD:AAM7257"
"318","Arthropoda","Oribatida","Oribatella quadricornuta",137.26,31646182,6.43,56159,106288,120134531,33.04,3436,1564,8503,21629,86.8,85.9,0.9,3.8,9.4,3424335170,3424335170,671,"Arachnida","Sarcoptiformes","Propelops sp. BOLD:AAB0332"
"319","Arthropoda","Oribatida","Eupelops occultus",141.06,41062745,2.2,46886,57682,105149395,31.5,4045,1715,6353,16450,88.9,87.6,1.3,3.3,7.8,3182948145,3182948145,661,"Arachnida","Sarcoptiformes","Eupelops occultus"
"320","Arthropoda","Oribatida","Quadroppia maritalis",136.74,25090206,5.92,10453,197961,73591724,32.14,19133,7334,983,2525,90.6,88.9,1.7,1.1,8.3,2544382726,1272191363,683,"Arachnida","Sarcoptiformes","Peloptulus phaenotus"
"321","Arthropoda","Oribatida","Liebstadia similis",127.31,26590161,18.94,23662,79082,81867180,35.55,5828,2874,4030,9028,91.4,90.1,1.3,1.5,7.1,1619386854,179931872.7,658,"Arachnida","Sarcoptiformes","Eueremaeus sp. BOLD:AAY3113"
"322","Arthropoda","Oribatida","Tectocepheus sarekensis",117.2,13960831,3.6,52883,13231,54120335,33.4,1104,757,15941,30816,44.5,43.9,0.6,15.7,39.8,930999078,465499539,668,"Arachnida","Sarcoptiformes","Tectocepheus sp. BOLD:ABW9787"
"323","Arthropoda","Oribatida","Pantelozetes paolii",127.74,22425824,2.43,13773,282901,86254419,30.46,18229,6429,1162,3139,91.5,90,1.5,0.9,7.6,2626467398,125069876.1,682,"Arachnida","Sarcoptiformes","Peloribates sp. BOLD:ABX5392"
"324","Arthropoda","Oribatida","Achipteria nitens",131.53,35149359,5.04,36629,43937,100618427,29.31,4123,2131,6811,15289,92.4,91,1.4,1.8,5.8,2800610777,2800610777,680,"Arachnida","Sarcoptiformes","Achipteria coleoptrata"
"325","Arthropoda","Oribatida","Carabodes femoralis",131.36,34733695,5.05,68070,57219,102286621,29.76,1868,1072,15204,33518,84.4,83.4,1,4.6,11,NA,NA,690,"Arachnida","Ixodida","Rhipicephalus microplus"
"326","Arthropoda","Oribatida","Conchogneta dalecarlica",128.51,28035936,17.08,52287,20264,56471865,33.03,1182,781,14694,29444,50,49,1,13.7,36.3,909789917,909789917,682,"Arachnida","Sarcoptiformes","Lucoppia burrowsi"
"327","Arthropoda","Oribatida","Hermanniella dolosa",134.09,36283426,5.07,44628,17148,44323014,34.35,1048,706,12754,25712,33.3,33,0.3,12.6,54.1,1160140567,1160140567,681,"Arachnida","Sarcoptiformes","Propelops sp. BOLD:ACF1776"
"328","Arthropoda","Oribatida","Acrogalumna longipluma",126.46,39490076,16.35,23221,18749,23012379,33.1,1021,679,6212,13215,8,7.9,0.1,6.1,85.9,NA,NA,684,"Clitellata","Enchytraeida","Enchytraeus albidus"
"329","Arthropoda","Oribatida","Ceratozetes gracilis",129.95,34185795,5.48,37549,121104,121464769,32.48,5431,2493,5667,14040,91.6,90.1,1.5,1.7,6.7,NA,NA,684,"Clitellata","Enchytraeida","Enchytraeus albidus"
"330","Arthropoda","Oribatida","Fuscozetes fuscipes",136.6,39270308,2.39,27734,437264,110055134,32.78,8576,3633,3315,8235,93,90.3,2.7,1.4,5.6,NA,NA,661,"Arachnida","Sarcoptiformes","Phenopelopidae sp. BOLD:ADV2302"
"331","Arthropoda","Oribatida","Eniochthonius minutissimus",132.79,21785746,40.4,4772,8412,3400999,49.06,682,574,1813,3179,0.1,0.1,0,0.1,99.8,NA,NA,603,"Chromadorea","Rhabditida","Phasmarhabditis sp. VP-2016a"
"332","Arthropoda","Oribatida","Euzetes globulus",136.75,18615529,7.59,58128,59910,77644832,34.12,1576,943,13712,29795,70.1,69.1,1,8.6,21.3,NA,NA,685,"Arachnida","Sarcoptiformes","Euzetes globulus"
"333","Arthropoda","Oribatida","Galumna lanceata",134.74,31849897,8.62,47853,51023,126220950,28.2,4321,2029,7731,18454,91.8,90.8,1,2.1,6.1,NA,NA,672,"Arachnida","Sarcoptiformes","Pergalumna sp. BOLD:AAX1496"
"334","Arthropoda","Oribatida","Gustavia microcephala",129.83,35715808,4.1,73414,26614,113810809,29.33,1913,1145,17473,36843,78.1,76.9,1.2,6.1,15.8,NA,NA,661,"Arachnida","Sarcoptiformes","Gustavia microcephala"
"335","Arthropoda","Oribatida","Malaconothrus monodactylus",127.03,15000832,16.75,1897,5650,1286024,49.82,635,556,741,1287,0,0,0,0,100,NA,NA,448,"Arachnida","Sarcoptiformes","Chamobates sp. BMOC 17-0901-033"
"336","Arthropoda","Oribatida","Scheloribates laevigatus",126.41,27514632,1.4,23284,123414,98594451,39.68,9695,3610,2528,6756,88.9,86.9,2,1.4,9.7,NA,NA,683,"Arachnida","Sarcoptiformes","Scheloribates sp. BIOUG08057-C12"
"337","Arthropoda","Oribatida","Achipteria coleoptrata",129.89,31013551,3.21,44640,53908,127124770,29.17,4823,2214,6818,16626,91,89.3,1.7,1.8,7.2,NA,NA,681,"Arachnida","Sarcoptiformes","Achipteria coleoptrata"
"338","Arthropoda","Oribatida","Platinothrus peltifer",126.84,31030019,2.14,86063,25068,96419321,31.87,1250,782,22144,46755,20.4,19.9,0.5,12.5,67.1,NA,NA,657,"Arachnida","Sarcoptiformes","Platynothrus peltifer"
"339","Arthropoda","Oribatida","Nanhermannia comitalis",125.25,32530728,1.46,80501,46679,182477276,28.45,3314,1723,15648,34749,82.1,80.3,1.8,6.7,11.2,NA,NA,659,"Arachnida","Sarcoptiformes","Crotoniidae sp. BOLD:ACG4949"
"340","Arthropoda","Oribatida","Conchogneta dalecarlica",108.5,26937328,10,49758,48340,92434430,30.07,2550,1342,9787,22424,89.7,88.3,1.4,3,7.3,NA,NA,682,"Arachnida","Sarcoptiformes","Lucoppia burrowsi"
"341","Arthropoda","Oribatida","Liebstadia similis",112.13,46757396,7.84,25818,14882,21893836,39.28,824,623,8242,15960,21.6,21.3,0.3,11.9,66.5,NA,NA,678,"Arachnida","Sarcoptiformes","Eupelops sp. BOLD:ACG5157"
"342","Arthropoda","Oribatida","Tectocepheus sarekensis",117.25,6712692,43.16,357,3286,262414,53.05,684,560,125,233,0,0,0,0,100,NA,NA,299,"Insecta","Hemiptera","Brachycaudus helichrysi"
"343","Arthropoda","Oribatida","Carabodes femoralis",115.34,43554338,6.92,65420,31778,69256325,31.76,1137,740,17517,36561,56,55.2,0.8,11.8,32.2,NA,NA,690,"Arachnida","Ixodida","Rhipicephalus microplus"
"344","Arthropoda","Oribatida","Ceratozetes gracilis",109.5,55050490,5.54,56879,46805,92657962,33.44,2087,1151,11848,27007,84.5,83.3,1.2,4.8,10.7,NA,NA,672,"Arachnida","Sarcoptiformes","Phenopelopidae sp. BOLD:ACE1301"
"345","Arthropoda","Oribatida","Eniochthonius minutissimus",117.61,35246681,39.8,901,12846,662118,50.97,686,571,323,590,0,0,0,0,100,NA,NA,298,"Malasseziomycetes","Malasseziales","Cerebratulus environmental sample"
"346","Arthropoda","Oribatida","Euzetes globulus",119.2,69002850,16.63,30866,98675,128642992,32.08,8019,3270,3959,10298,92.1,90.7,1.4,1.3,6.6,6433549361,268064556.7,682,"Arachnida","Sarcoptiformes","Euzetes globulus"
"347","Arthropoda","Oribatida","Galumna lanceata",129.21,70279760,4.74,62755,70115,165258384,27.56,4763,2008,8443,22034,91.2,89.8,1.4,2.1,6.7,8168176121,453787562.3,672,"Arachnida","Sarcoptiformes","Pergalumna sp. BOLD:AAX1496"
"348","Arthropoda","Oribatida","Malaconothrus monodactylus",114.94,47656138,3.87,55821,79260,126174002,28.57,4501,1592,6472,18585,89.5,88.4,1.1,3.2,7.3,4832660802,2416330401,663,"Arachnida","Sarcoptiformes","Neoliodidae sp. BOLD:AAN6649"
"349","Arthropoda","Oribatida","Minunthozetes semirufus",113.56,9021334,28.87,27152,16290,23278273,37.13,854,635,8799,16769,36.6,36.1,0.5,11.8,51.6,400004484,200002242,681,"Arachnida","Sarcoptiformes","Oppiidae sp. BOLD:AAM7257"
"350","Arthropoda","Oribatida","Dissorhina ornata",129.51,59983657,13.17,54867,92040,131031899,26.59,3970,1842,8165,20434,86.2,84.9,1.3,4.1,9.7,5754289295,5754289295,681,"Arachnida","Sarcoptiformes","Oppiidae sp. BOLD:AAM7257"
"351","Arthropoda","Oribatida","Eupelops occultus",125.87,71501097,2.64,57222,67028,104571370,30.95,2803,1262,9014,23156,87.5,86.8,0.7,3.5,9,6788887159,6788887159,680,"Arachnida","Sarcoptiformes","Eupelops sp. BOLD:AAL8123"
"352","Arthropoda","Oribatida","Quadroppia maritalis",127.71,50981953,10.87,14205,197967,78017758,32.06,15393,5706,1221,3313,90.3,88.7,1.6,1.3,8.4,4968084473,4968084473,683,"Arachnida","Sarcoptiformes","Peloptulus phaenotus"
"353","Arthropoda","Oribatida","Chamobates voigtsi",147.18,88448549,23.25,52459,22206,94480331,31.39,2443,1366,11674,24610,76.6,75.8,0.8,8.5,14.9,NA,NA,NA,NA,NA,NA
"354","Arthropoda","Oribatida","Edwardzetes edwardsi",147.47,83751447,0.72,39887,95279,103529549,34.29,6000,2139,4074,11374,87.4,86.6,0.8,3.6,9,7774790280,3887395140,681,"Arachnida","Sarcoptiformes","Oribatellidae sp. BOLD:ADG3275"
"355","Arthropoda","Oribatida","Eueremaeus cf. valkanovi",146.92,67216955,0.69,32874,126737,154256886,32.5,10257,3928,3717,9894,88,87.2,0.8,3.4,8.6,8644071033,227475553.5,678,"Arachnida","Sarcoptiformes","Eueremaeus sp. BOLD:AAB5674"
"356","Arthropoda","Oribatida","Eupelops torulosus",147.38,72044770,0.71,63164,40373,116779259,31.17,2906,1298,10061,25311,83.8,83,0.8,5.6,10.6,7017900322,1754475081,680,"Arachnida","Sarcoptiformes","Dentizetes sp. BOLD:ADD2057"
"357","Arthropoda","Oribatida","Hermanniella punctulata var. septentrionalis",147.19,72668143,0.63,178507,28380,258339288,27.81,1844,998,37712,85982,84.8,83.8,1,5.4,9.8,8716774093,0,690,"Arachnida","Sarcoptiformes","Propelops sp. BOLD:ACE1214"
"358","Arthropoda","Oribatida","Liacarus coracinus",146.59,64329083,0.94,146466,24037,205990164,27.63,1765,995,33590,72813,75.1,74.5,0.6,11.1,13.8,7534637950,0,675,"Arachnida","Sarcoptiformes","Oppia nitens"
"359","Arthropoda","Oribatida","Liacarus xylariae",145.95,68468420,0.45,56773,60111,218893360,29.53,6273,3145,9806,22075,84.7,83.9,0.8,4.2,11.1,9054892258,452744612.9,672,"Arachnida","Sarcoptiformes","Suctobelbella sp. BOLD:AAU6075"
"360","Arthropoda","Oribatida","Microtritia minima",147.24,70611965,0.64,32712,97424,107053253,30.31,7150,3060,3995,9686,80.3,79.5,0.8,6.9,12.8,8480395351,2120098838,664,"Arachnida","Araneae","Gnaphosa brumalis"
"361","Arthropoda","Oribatida","Microzetes septentrionalis",147.76,66775609,3.93,30385,32653,75602633,33.86,3998,2027,5425,12064,80.3,79.8,0.5,7.7,12,4172641592,139088053.1,661,"Arachnida","Sarcoptiformes","Cymbaeremaeus styriacus"
"362","Arthropoda","Oribatida","Nanhermannia elegantula",147.82,68237931,0.42,56917,113456,183227768,29.68,6622,2913,7403,17777,88.8,87.9,0.9,3.7,7.5,6981603510,3490801755,665,"Arachnida","Sarcoptiformes","Sarcoptiformes sp. BIOUG21867-G11"
"363","Arthropoda","Oribatida","Porobelba spinosa",146.2,65162509,1.61,72063,61279,147378629,29.46,3043,1493,12341,29835,87.8,87.2,0.6,3.5,8.7,7818260979,0,661,"Arachnida","Sarcoptiformes","Jugatala sp. BOLD:ACF9693"
"364","Arthropoda","Oribatida","Punctoribates punctum",147.4,82097197,48.9,63985,31307,91130751,35.07,1797,1027,15078,31898,63,62.4,0.6,17.6,19.4,3244785791,0,651,"Arachnida","Sarcoptiformes","Pilogalumna sp. BOLD:ADI4824"
"365","Arthropoda","Oribatida","Scheloribates initialis",147.51,69448093,1.82,67819,22509,103010667,37.98,2043,1058,13838,31499,78.8,78,0.8,9.2,12,6628841128,0,657,"Arachnida","Sarcoptiformes","Hydrozetes sp. BOLD:AAM9135"
"366","Arthropoda","Oribatida","Phthiracarus crinitus",147.65,66451404,0.39,59784,125146,243017619,27.4,7223,3297,8604,21148,87.2,86.4,0.8,3.5,9.3,8904072006,494670667,606,"Arachnida","Sarcoptiformes","Nehypochthonius porosus"
"367","Arthropoda","Oribatida","Hafenrefferia gilvipes",146.4,69857412,1.49,68324,21937,77953954,30.63,1277,819,17692,36866,40.4,40,0.4,27.1,32.5,7313708751,1828427188,683,"Arachnida","Sarcoptiformes","Chamobates sp. BOLD:ADI4824"
"368","Arthropoda","Oribatida","Zygoribatula exilis",134.84,8483066,1.09,39498,29350,87516486,37.31,3200,1706,7935,17326,86.8,85.4,1.4,4.3,8.9,1052406466,175401077.7,665,"Aves","Galliformes","Gallus gallus"
"369","Arthropoda","Oribatida","Zygoribatula exilis",122.71,3525730,0.75,36428,11401,27844578,40.03,750,603,13278,23690,26.5,26.1,0.4,14.5,59,351392612,175696306,657,"Arachnida","Sarcoptiformes","Oribatulidae sp. BOLD:ACF1449"
"370","Arthropoda","Oribatida","Acrotritia duplicata",126.83,1807809,1.34,4347,19984,4208522,36.84,954,656,1138,2486,0,0,0,0.1,99.9,157973293,157973293,657,"Arachnida","Sarcoptiformes","Euphthiracarus sp. AMUOR021"
"371","Arthropoda","Oribatida","Zygoribatula exilis",124.74,1856915,0.55,14371,16137,10238510,41.29,677,571,5431,9566,7.9,7.8,0.1,7.3,84.8,144827347,72413673.5,657,"Arachnida","Sarcoptiformes","Oribatula tibialis"
"372","Arthropoda","Oribatida","Hypochthonius rufulus",113.83,3418408,1.08,17824,10600,13049722,32.45,694,575,6521,11715,8.1,7.9,0.2,7.4,84.5,285012238,142506119,658,"Arachnida","Sarcoptiformes","Hypochthonius rufulus"
"373","Arthropoda","Oribatida","Acrotritia duplicata",127.56,5332269,1.73,16975,26630,15261976,35.05,879,634,4950,10138,3,2.9,0.1,2.7,94.3,528653406,264326703,657,"Arachnida","Sarcoptiformes","Euphthiracarus sp. AMUOR021"
"374","Arthropoda","Oribatida","Oppiella nova",132.82,583564,5.87,1392,11107,946433,40.49,629,546,534,939,0.7,0.7,0,0.9,98.4,28145280,28145280,653,"Arachnida","Sarcoptiformes","Oppiella nova"
"375","Arthropoda","Oribatida","Oppiella nova",125.15,988434,6.01,4305,4352,2853350,45.08,631,553,1734,2945,5.7,5.6,0.1,6.3,88,60994874,30497437,605,"Arachnida","Sarcoptiformes","uncultured eukaryote"
"376","Arthropoda","Oribatida","Zygoribatula exilis",125.77,4726625,1.73,42958,19891,41401336,41.19,1011,710,13176,25490,49.6,49,0.6,13.7,36.7,489970729,244985364.5,661,"Arachnida","Sarcoptiformes","Oribatula tibialis"
"377","Arthropoda","Oribatida","Achipteria coleoptrata",147.28,81526797,45.41,64935,84892,129762499,29.56,3107,1414,10050,25792,89.4,88,1.4,3.1,7.5,5051243139,5051243139,604,"Arachnida","Sarcoptiformes","Campachipteria brevisetosa"
"378","Arthropoda","Oribatida","Heminothrus tragionii",148.08,62884194,10.95,62807,112553,176593156,29.56,5903,2357,7193,19115,89,87.7,1.3,3.3,7.7,7395220889,7395220889,662,"Arachnida","Sarcoptiformes","Neonothrus sp. BOLD:AAE1747"
"379","Arthropoda","Oribatida","Nanhermannia nana",148.23,78027043,6.34,94955,88270,175696920,32.8,3205,1264,12496,34628,89.8,87.7,2.1,2.3,7.9,4840407582,2420203791,664,"Arachnida","Sarcoptiformes","Nanhermanniidae sp. BIOUG14078-E06"
"380","Arthropoda","Oribatida","Pergalumna nervosa",146.97,59005376,1.53,72659,105167,186280929,27.99,4429,1952,9859,25959,90.5,88.9,1.6,2.1,7.4,8254836752,0,684,"Arachnida","Sarcoptiformes","Galumnidae sp. BOLD:AAF9138"
"381","Arthropoda","Oribatida","Tectocepheus minor",148.03,85588876,56.95,11537,15362,8162874,38.54,659,561,4291,7669,0.9,0.9,0,1,98.1,785761422,196440355.5,661,"Arachnida","Sarcoptiformes","Eueremaeus sp. BOLD:AAY3113"
"382","Arthropoda","Oribatida","Allosuctobelba grandis",147.04,64485169,NA,48479,20454,39865843,35.63,794,609,15788,30279,6.1,6.1,0,6.4,87.5,1877129299,469282324.8,689,"Clitellata","Enchytraeida","Fridericia ratzeli"
"383","Arthropoda","Oribatida","Carabodes coriaceus",146.04,65483178,NA,102269,30644,139514524,28.82,1683,940,22443,50540,85.5,84.3,1.2,4.5,10,6384996681,0,690,"Arachnida","Ixodida","Rhipicephalus microplus"
"384","Arthropoda","Oribatida","Hermannia gibba",145.54,49057666,NA,86668,26136,129308837,31.07,1895,1072,19054,42012,42.8,42.8,0,9.9,47.3,5491810226,5491810226,682,"Arachnida","Sarcoptiformes","Eremaeidae sp. BOLD:ADD3715"
"385","Arthropoda","Oribatida","Licneremaeus licnophorus",146.98,68562796,NA,53128,95820,128305438,31.05,4095,1870,7828,19592,68.5,68.4,0.1,7,24.5,7091865739,3545932870,671,"Arachnida","Sarcoptiformes","Berniniella hauseri"
"386","Arthropoda","Oribatida","Mesoplophora pulchra",146.05,67154145,NA,57662,92838,138242702,23.67,3888,1853,8847,21833,67.6,67.6,0,8.2,24.2,8132794179,0,688,"Insecta","Orthoptera","Trigonidium nitidum"
"387","Arthropoda","Oribatida","Metabelba cf. pulverosa",147.21,87416670,NA,67797,171857,179604645,33.11,5472,2141,7318,20600,88,86.4,1.6,2.5,9.5,8298177712,4149088856,669,"Clitellata","Enchytraeida","Buchholzia appendiculata"
"388","Arthropoda","Oribatida","Nothrus cf. silvestris",146.47,65192812,NA,71365,66631,160070366,29.29,3207,1666,13789,31174,87.2,86.1,1.1,3.6,9.2,6381679328,3190839664,684,"Arachnida","Sarcoptiformes","Nothrus sp. BOLD:AAF9127"
"389","Arthropoda","Pauropoda","Allopauropus danicus",146.38,81462355,1.2,153055,19697,170244473,40.56,1229,792,41548,85064,38.6,38.6,0,39.5,21.9,7160472219,596706018.3,391,"Insecta","Lepidoptera","Neogene dynaeus"
"390","Arthropoda","Symphyla","Scolopendrellopsis subnuda",145.83,101000764,0.32,163551,50833,334373857,37.91,2727,1471,34926,76816,43.4,42.9,0.5,33.3,23.3,12899697239,678931433.6,683,"Collembola","Entomobryomorpha","Isotomidae sp. DPCOL28796"
"391","Arthropoda","Symphyla","Symphylella vulgaris",146.26,65710609,0.09,230343,35382,491939805,34.87,2778,1512,50650,110867,54.6,54.2,0.4,28.2,17.2,8930495383,1116311923,668,"Amphibia","Caudata","Ommatotriton nesterovi"
"392","Arthropoda","Tardigrada","Paramacrobiotus richtersi (Murray, 1911)",146.48,87342988,0.45,197710,29404,268004252,42.79,1663,984,49004,101511,42.5,38.2,4.3,26.9,30.6,NA,NA,NA,NA,NA,NA
"393","Arthropoda","Tardigrada","Paramacrobiotus richtersi (Murray, 1911)",146.77,78819085,0.63,205427,22308,242656155,43.38,1361,837,53383,110763,41.9,40,1.9,27.3,30.8,7798213744,1299702291,NA,NA,NA,NA
"394","Arthropoda","Tardigrada","Paramacrobiotus richtersi (Murray, 1911)",146.04,85632034,0.3,135572,112446,344537663,43.12,5411,1990,15411,41866,59.9,38.9,21,15.8,24.3,NA,NA,NA,NA,NA,NA
"395","Arthropoda","Tardigrada","Paramacrobiotus richtersi (Murray, 1911)",146.22,78326641,2.3,176448,34950,306617766,42.54,2436,1268,35615,79416,44.8,36.9,7.9,25.1,30.1,NA,NA,NA,NA,NA,NA
"396","Arthropoda","Tardigrada","Paramacrobiotus richtersi (Murray, 1911)",146.12,81780470,0.24,126815,158094,328674564,42.76,5100,2062,16075,41636,58.3,41,17.3,15.3,26.4,NA,NA,NA,NA,NA,NA
